Point Name,Time Recorded,Gas Temperature,Static Pressure,CH4 Percent,CO2 Percent,O2 Percent,Balance Percent,Date Recorded,TRS,Vacuum In WC
"FRBVC215","9:25 AM","82.0","-4.30","31.9","32.1","1.1","34.9","5/02/2018","","",
"FRBVC191","9:30 AM","81.0","-0.70","21.6","78.3","0.0","0.1","5/02/2018","","",
"FRBVC190","9:33 AM","98.0","-2.30","55.3","44.6","0.0","0.1","5/02/2018","","",
"FRBVC212","9:38 AM","90.0","-6.00","56.2","43.7","0.0","0.1","5/02/2018","","",
"FRBVC211","9:42 AM","104.0","-2.50","55.0","44.9","0.0","0.1","5/02/2018","","",
"FRBVC210","9:47 AM","90.0","-6.10","53.9","46.0","0.0","0.1","5/02/2018","","",
"FB5BCC9S","7:48 AM","86.0","-17.20","26.9","27.4","8.3","37.4","5/03/2018","","",
"FRB00MC2","7:51 AM","75.0","-16.80","24.0","17.0","10.6","48.4","5/03/2018","","",
"FRB00MC7","7:55 AM","75.0","-16.40","55.0","35.7","0.5","8.8","5/03/2018","","",
"FRB00MC8","7:58 AM","76.0","-17.30","58.5","39.1","0.1","2.3","5/03/2018","","",
"FRB5BCB8","8:03 AM","67.0","-13.80","7.7","4.7","18.7","68.9","5/03/2018","","",
"FB5BCC8S","8:06 AM","100.0","-16.70","52.7","39.9","0.4","7.0","5/03/2018","","",
"FB5BCC7S","8:10 AM","108.0","-12.30","44.0","35.7","1.7","18.6","5/03/2018","","",
"FB5BCD6S","8:13 AM","108.0","-16.40","56.8","43.0","0.0","0.2","5/03/2018","","",
"FB5BCC6S","8:17 AM","114.0","-10.60","41.5","30.5","3.6","24.4","5/03/2018","","",
"FB5BCD5S","8:21 AM","113.0","-15.70","56.9","41.9","0.0","1.2","5/03/2018","","",
"FRB5BCE5","8:23 AM","95.0","-16.40","56.0","43.3","0.0","0.7","5/03/2018","","",
"FRB5BCE4","8:26 AM","95.0","-16.00","56.6","42.9","0.0","0.5","5/03/2018","","",
"FRB5BCE3","8:29 AM","106.0","-15.60","56.2","43.3","0.0","0.5","5/03/2018","","",
"FRB5BCE2","8:31 AM","107.0","-15.20","56.2","43.0","0.0","0.8","5/03/2018","","",
"FB5BCC5S","8:35 AM","114.0","-12.60","57.9","40.5","0.1","1.5","5/03/2018","","",
"FB5BCA4E","8:38 AM","93.0","-15.30","58.1","40.0","0.3","1.6","5/03/2018","","",
"FB5BCA5E","8:40 AM","97.0","-15.70","57.4","39.4","0.4","2.8","5/03/2018","","",
"FB5BCC4S","8:44 AM","106.0","-14.60","57.7","40.3","0.0","2.0","5/03/2018","","",
"FB5BCD3S","8:47 AM","109.0","-15.40","56.9","41.8","0.0","1.3","5/03/2018","","",
"FB5BCC3S","8:50 AM","85.0","-15.50","58.4","40.3","0.0","1.3","5/03/2018","","",
"FRB5BCE1","8:53 AM","108.0","-15.00","56.0","43.0","0.0","1.0","5/03/2018","","",
"FB5BCD2S","8:57 AM","113.0","-14.50","56.8","41.7","0.0","1.5","5/03/2018","","",
"FB5BCC2S","8:59 AM","94.0","-15.00","59.2","39.7","0.0","1.1","5/03/2018","","",
"FB5BCC1S","9:02 AM","95.0","-14.20","59.0","39.8","0.0","1.2","5/03/2018","","",
"FRB00MC1","9:05 AM","84.0","-14.40","49.3","35.8","1.6","13.3","5/03/2018","","",
"FRBVC215","9:10 AM","87.0","-4.20","26.6","27.3","3.0","43.1","5/03/2018","","",
"FRBVC103","9:16 AM","101.0","-14.00","55.8","41.8","0.0","2.4","5/03/2018","","",
"FRBVC104","9:18 AM","85.0","-14.10","50.9","39.7","1.3","8.1","5/03/2018","","",
"FRB5DE1S","9:20 AM","85.0","-14.00","23.0","19.5","11.1","46.4","5/03/2018","","",
"FBVC105R","9:26 AM","118.0","-14.50","53.6","44.5","0.0","1.9","5/03/2018","","",
"FRBVC126","9:29 AM","105.0","-12.50","54.5","44.0","0.0","1.5","5/03/2018","","",
"FBVC106R","9:33 AM","109.0","-16.60","54.3","44.5","0.0","1.2","5/03/2018","","",
"FRB05DF1","9:44 AM","82.0","-17.90","46.2","38.6","2.1","13.1","5/03/2018","","",
"FRBVC107","9:47 AM","86.0","-17.70","53.7","44.1","0.3","1.9","5/03/2018","","",
"FRBVC108","9:50 AM","75.0","-17.30","48.8","39.9","1.5","9.8","5/03/2018","","",
"FRB05DF2","9:53 AM","79.0","-16.10","54.8","43.9","0.0","1.3","5/03/2018","","",
"FBVC109R","9:58 AM","72.0","-17.90","36.6","29.9","4.2","29.3","5/03/2018","","",
"FRB05DF3","10:01 AM","82.0","-17.50","49.0","38.5","2.5","10.0","5/03/2018","","",
"FRB05DF4","12:43 PM","81.0","-20.40","51.4","39.1","1.8","7.7","5/03/2018","","",
"FRB5DE5S","12:46 PM","78.0","-20.30","44.9","37.4","2.8","14.9","5/03/2018","","",
"FRB5DE6S","12:48 PM","80.0","-19.10","52.0","41.0","1.2","5.8","5/03/2018","","",
"FRB5DE7S","12:51 PM","80.0","-19.50","47.1","35.5","3.0","14.4","5/03/2018","","",
"FRB05DG4","12:54 PM","116.0","-2.90","47.4","45.8","0.0","6.8","5/03/2018","","",
"FRBVC137","1:05 PM","128.0","-12.70","55.1","44.5","0.0","0.4","5/03/2018","","",
"FRBVC136","1:09 PM","125.0","-8.90","55.0","43.8","0.0","1.2","5/03/2018","","",
"FRBVC135","1:12 PM","128.0","-7.30","55.0","42.5","0.0","2.5","5/03/2018","","",
"FRBVC134","1:16 PM","126.0","-4.20","55.4","42.8","0.0","1.8","5/03/2018","","",
"FRBVC138","1:20 PM","125.0","-4.20","56.5","42.4","0.0","1.1","5/03/2018","","",
"FRB007D1","1:25 PM","118.0","-15.10","54.5","41.9","0.0","3.6","5/03/2018","","",
"FRB007D2","1:27 PM","120.0","-29.90","55.2","43.6","0.0","1.2","5/03/2018","","",
"FRB007D3","1:31 PM","122.0","-29.30","56.1","42.9","0.0","1.0","5/03/2018","","",
"FRB007D4","1:35 PM","119.0","-30.10","55.7","42.8","0.0","1.5","5/03/2018","","",
"FRB5DE6W","1:38 PM","118.0","-29.00","56.7","42.3","0.0","1.0","5/03/2018","","",
"FRB5DE7W","1:42 PM","125.0","-14.90","55.8","43.2","0.0","1.0","5/03/2018","","",
"FRBVC188","1:46 PM","120.0","-4.00","44.0","39.2","0.0","16.8","5/03/2018","","",
"FRBVC189","1:50 PM","126.0","-1.50","49.6","40.9","0.0","9.5","5/03/2018","","",
"FRB7BC4W","1:55 PM","122.0","-17.20","55.1","42.8","0.0","2.1","5/03/2018","","",
"FRB7BC5W","1:57 PM","116.0","-16.80","55.6","42.1","0.0","2.3","5/03/2018","","",
"FRB7BC6W","2:00 PM","116.0","-13.20","55.8","41.9","0.0","2.3","5/03/2018","","",
"FRB007C4","2:08 PM","120.0","-18.10","52.3","42.5","0.0","5.2","5/03/2018","","",
"FRB007C5","2:11 PM","92.0","-2.70","28.1","23.2","8.8","39.9","5/03/2018","","",
"FRB007C6","2:14 PM","103.0","-28.00","54.8","42.1","0.0","3.1","5/03/2018","","",
"FRB07AB4","2:20 PM","85.0","-23.30","15.1","11.7","14.0","59.2","5/03/2018","","",
"FRB07AA5","2:22 PM","103.0","-26.40","56.8","40.6","0.0","2.6","5/03/2018","","",
"FRB07AB5","2:26 PM","106.0","-19.20","46.0","38.8","0.0","15.2","5/03/2018","","",
"FRB07AA6","2:29 PM","87.0","-26.30","56.0","41.5","0.0","2.5","5/03/2018","","",
"FRB07AA7","2:32 PM","105.0","-23.60","47.0","37.8","0.0","15.2","5/03/2018","","",
"FRBVC203","8:31 AM","110.0","-2.80","53.9","45.1","0.2","0.8","5/04/2018","","",
"FRBVC202","8:36 AM","124.0","-5.40","52.9","46.5","0.0","0.6","5/04/2018","","",
"FRBVC211","8:43 AM","109.0","-8.80","57.0","42.9","0.0","0.1","5/04/2018","","",
"FRBVC212","8:49 AM","109.0","-9.20","57.1","42.8","0.0","0.1","5/04/2018","","",
"FRBVC190","8:53 AM","110.0","-2.50","53.9","46.0","0.0","0.1","5/04/2018","","",
"FRBVC191","8:59 AM","99.0","-2.50","25.7","65.8","0.0","8.5","5/04/2018","","",
"FRBVC183","9:06 AM","104.0","-1.60","35.7","63.7","0.0","0.6","5/04/2018","","",
"FRBVC182","9:09 AM","6.0","-5.10","42.3","57.6","0.0","0.1","5/04/2018","","",
"FRBVC181","9:13 AM","104.0","-5.30","48.2","51.7","0.0","0.1","5/04/2018","","",
"FRBVC193","9:18 AM","99.0","-1.20","6.2","36.7","0.8","56.3","5/04/2018","","",
"FRBVC193","9:18 AM","99.0","-1.20","6.2","36.7","0.8","56.3","5/04/2018","","",
"FRBVC192","9:22 AM","94.0","-1.30","4.8","31.1","3.7","60.4","5/04/2018","","",
"FRBVC192","9:22 AM","94.0","-1.30","4.8","31.1","3.7","60.4","5/04/2018","","",
"FRBVC161","9:26 AM","104.0","-1.00","2.5","18.4","0.8","78.3","5/04/2018","","",
"FRBVC169","9:30 AM","101.0","-0.80","1.4","18.3","0.5","79.8","5/04/2018","","",
"FRBVC160","9:37 AM","103.0","-1.60","10.2","22.6","0.0","67.2","5/04/2018","","",
"FRBVC166","9:41 AM","96.0","-0.80","0.8","12.6","4.2","82.4","5/04/2018","","",
"FRBVC167","9:45 AM","99.0","-3.30","37.5","35.6","0.0","26.9","5/04/2018","","",
"FRBVC168","9:50 AM","108.0","-5.50","34.7","36.3","0.0","29.0","5/04/2018","","",
"FBVC154S","9:59 AM","112.0","-7.50","26.2","34.8","0.0","39.0","5/04/2018","","",
"FBVC154D","10:02 AM","103.0","-10.70","57.2","42.6","0.0","0.2","5/04/2018","","",
"FRBVC215","10:07 AM","0.0","-3.60","27.9","28.3","2.4","41.4","5/04/2018","","",
"FRBVC210","10:12 AM","0.0","-10.10","56.1","43.1","0.0","0.8","5/04/2018","","",
"FRBVC148","10:16 AM","118.0","-13.80","56.7","42.4","0.0","0.9","5/04/2018","","",
"FRBVC147","10:19 AM","117.0","-13.90","52.8","41.4","0.0","5.8","5/04/2018","","",
"FRBVC151","10:22 AM","100.0","-14.20","58.2","41.5","0.0","0.3","5/04/2018","","",
"FRBVC151","10:18 AM","84.0","-22.90","56.2","41.0","1.2","1.6","5/07/2018","","",
"FRBVC152","3:01 PM","92.0","-13.80","56.1","39.3","1.1","3.5","5/07/2018","","",
"FRBVC205","3:15 PM","116.0","-1.10","57.1","42.8","0.0","0.1","5/07/2018","","",
"FRBVC205","3:15 PM","116.0","-2.10","57.1","42.8","0.0","0.1","5/07/2018","","",
"FRBVC206","3:25 PM","0.0","-1.10","55.8","44.1","0.0","0.1","5/07/2018","","",
"FRBVC206","3:25 PM","0.0","-1.20","55.8","44.1","0.0","0.1","5/07/2018","","",
"FRBVC215","9:15 AM","0.0","-3.40","29.2","28.5","2.7","39.6","5/08/2018","","",
"FRBVC159","9:21 AM","0.0","-4.30","30.2","32.6","0.1","37.1","5/08/2018","","",
"FRBVC165","9:25 AM","0.0","-2.90","33.9","32.2","1.8","32.1","5/08/2018","","",
"FRBVC152","9:29 AM","0.0","-11.70","45.5","37.3","0.0","17.2","5/08/2018","","",
"FRB5BCF1","9:40 AM","111.0","-7.70","55.3","44.6","0.0","0.1","5/08/2018","","",
"FRB5BCF2","9:42 AM","123.0","-5.20","48.7","42.3","0.0","9.0","5/08/2018","","",
"FRBVC158","9:45 AM","0.0","-6.40","47.1","38.9","0.0","14.0","5/08/2018","","",
"FRB5BCF3","9:49 AM","118.0","-11.30","55.8","44.0","0.0","0.2","5/08/2018","","",
"FRB5BCF4","9:52 AM","121.0","-10.20","55.7","44.2","0.0","0.1","5/08/2018","","",
"FRBVC175","1:32 PM","107.0","-5.50","45.0","38.1","1.0","15.9","5/08/2018","","",
"FRBVC139","1:36 PM","119.0","-9.40","56.0","43.9","0.0","0.1","5/08/2018","","",
"FRBVC140","1:39 PM","0.0","-10.20","57.1","42.8","0.0","0.1","5/08/2018","","",
"FRB5BCF5","1:44 PM","121.0","-9.10","55.7","44.2","0.0","0.1","5/08/2018","","",
"FRBVC150","1:47 PM","124.0","-10.00","58.9","41.0","0.0","0.1","5/08/2018","","",
"FRBVC141","1:51 PM","115.0","-9.60","51.3","40.8","0.0","7.9","5/08/2018","","",
"FRBVC142","1:53 PM","88.0","-9.20","47.9","42.3","1.8","8.0","5/08/2018","","",
"FRBVC210","2:04 PM","0.0","-9.60","57.4","42.5","0.0","0.1","5/08/2018","","",
"FRBVC173","2:08 PM","113.0","-4.70","53.4","43.8","0.0","2.8","5/08/2018","","",
"FRBVC144","2:11 PM","100.0","-10.70","43.6","36.5","2.8","17.1","5/08/2018","","",
"FRBVC153","2:14 PM","0.0","-9.50","57.0","41.9","0.0","1.1","5/08/2018","","",
"FRBVC157","2:19 PM","0.0","-5.50","46.7","37.2","0.0","16.1","5/08/2018","","",
"FRBVC146","2:22 PM","118.0","-10.40","58.6","40.7","0.0","0.7","5/08/2018","","",
"FRBVC145","2:26 PM","118.0","-6.80","52.6","40.9","0.0","6.5","5/08/2018","","",
"FRB5BCF6","2:28 PM","118.0","-5.80","55.0","43.2","0.0","1.8","5/08/2018","","",
"FRBVC176","2:33 PM","115.0","-4.90","48.1","39.8","0.0","12.1","5/08/2018","","",
"FRBVC204","2:36 PM","102.0","-8.30","56.3","43.4","0.1","0.2","5/08/2018","","",
"FRBVC164","2:41 PM","0.0","-1.20","44.2","36.8","0.3","18.7","5/08/2018","","",
"FRBVC149","2:44 PM","96.0","-2.20","21.5","26.4","0.0","52.1","5/08/2018","","",
"FRBVC163","2:47 PM","0.0","-1.40","4.6","18.4","0.4","76.6","5/08/2018","","",
"FRBVC163","2:47 PM","0.0","-1.40","4.6","18.4","0.4","76.6","5/08/2018","","",
"FRBVC209","2:49 PM","101.0","-6.30","56.2","43.7","0.0","0.1","5/08/2018","","",
"FRBVC162","2:50 PM","0.0","-0.40","14.7","22.6","0.5","62.2","5/08/2018","","",
"FRBVC208","2:53 PM","83.0","-1.50","57.0","42.9","0.0","0.1","5/08/2018","","",
"FRBVC155","2:54 PM","106.0","-4.50","47.8","36.9","0.0","15.3","5/08/2018","","",
"FRBVC156","2:57 PM","0.0","-0.80","48.0","37.6","0.0","14.4","5/08/2018","","",
"FRBVC207","2:58 PM","79.0","-3.30","56.9","43.0","0.0","0.1","5/08/2018","","",
"FRBVC172","3:01 PM","114.0","-8.90","47.1","36.7","0.0","16.2","5/08/2018","","",
"FRBVC171","3:04 PM","105.0","-14.00","55.3","40.2","0.0","4.5","5/08/2018","","",
"FRBVC170","3:06 PM","105.0","-16.10","56.7","40.9","0.0","2.4","5/08/2018","","",
"FRBVC170","3:08 PM","105.0","-16.10","56.7","40.9","0.0","2.4","5/08/2018","","",
"FRBVC174","3:10 PM","114.0","-3.80","41.7","36.8","1.4","20.1","5/08/2018","","",
"FRBVC202","3:14 PM","0.0","-2.50","53.0","43.7","0.0","3.3","5/08/2018","","",
"FRBVC203","3:17 PM","0.0","-5.90","54.1","43.1","0.0","2.8","5/08/2018","","",
"FRB07AA1","9:56 AM","92.0","-21.80","58.2","41.0","0.0","0.8","5/09/2018","","",
"FRB07AB1","10:00 AM","86.0","-22.70","58.3","41.6","0.0","0.1","5/09/2018","","",
"FRB07AA2","10:02 AM","103.0","-19.20","58.9","41.0","0.0","0.1","5/09/2018","","",
"FRB07AB2","10:06 AM","84.0","-20.60","50.8","38.2","1.8","9.2","5/09/2018","","",
"FRB07AA3","10:09 AM","85.0","-22.20","57.8","41.3","0.0","0.9","5/09/2018","","",
"FRB0LHC3","10:12 AM","84.0","0.00","0.0","0.5","20.4","79.1","5/09/2018","","",
"FRB0UHC2","10:16 AM","84.0","0.00","30.7","25.9","5.8","37.6","5/09/2018","","",
"FRB07AB3","10:18 AM","83.0","-23.10","58.2","40.9","0.2","0.7","5/09/2018","","",
"FRB07AA4","10:20 AM","105.0","-21.00","58.6","41.2","0.0","0.2","5/09/2018","","",
"FRB07AB4","10:26 AM","85.0","-18.80","7.8","5.8","17.7","68.7","5/09/2018","","",
"FRB0LHC2","10:28 AM","86.0","0.00","0.0","0.4","20.9","78.7","5/09/2018","","",
"FRB0LHC1","10:33 AM","85.0","-20.40","55.9","38.9","0.7","4.5","5/09/2018","","",
"FRB0UHC1","10:35 AM","77.0","0.00","0.1","12.6","7.7","79.6","5/09/2018","","",
"FRBVC211","10:41 AM","102.0","-6.90","58.1","41.0","0.0","0.9","5/09/2018","","",
"FRBVC212","10:45 AM","106.0","-8.50","58.0","41.2","0.0","0.8","5/09/2018","","",
"FRBVC190","10:49 AM","105.0","-2.20","46.9","47.2","0.0","5.9","5/09/2018","","",
"FRBVC191","10:52 AM","101.0","-2.30","24.7","54.7","0.0","20.6","5/09/2018","","",
"FRBVC209","9:32 AM","106.0","-9.50","56.7","43.2","0.0","0.1","5/10/2018","","",
"FRBVC208","9:37 AM","98.0","-5.10","57.6","42.3","0.0","0.1","5/10/2018","","",
"FRBVC207","9:45 AM","96.0","-6.70","57.3","42.2","0.0","0.5","5/10/2018","","",
"FRBVC184","9:49 AM","103.0","-0.50","46.1","37.6","0.0","16.3","5/10/2018","","",
"FRBVC185","9:54 AM","117.0","-0.20","49.9","39.2","0.0","10.9","5/10/2018","","",
"FRBVC186","9:58 AM","113.0","-1.30","51.1","37.1","2.0","9.8","5/10/2018","","",
"FRBVC187","10:03 AM","105.0","-2.60","57.7","40.9","0.0","1.4","5/10/2018","","",
"FRB07BA4","10:10 AM","104.0","-20.20","51.8","39.2","1.3","7.7","5/10/2018","","",
"FRB07BB4","10:13 AM","95.0","-19.80","45.6","34.9","3.6","15.9","5/10/2018","","",
"FRB07BD1","10:24 AM","109.0","-12.70","56.4","42.1","0.1","1.4","5/10/2018","","",
"FRB07BE3","10:27 AM","107.0","-8.30","53.1","41.6","0.6","4.7","5/10/2018","","",
"FRB07BD2","10:31 AM","122.0","-9.20","52.3","38.7","1.0","8.0","5/10/2018","","",
"FRB7BC3W","10:34 AM","96.0","-13.70","47.0","34.9","3.0","15.1","5/10/2018","","",
"FRBVC122","10:37 AM","102.0","-10.50","49.9","37.0","2.0","11.1","5/10/2018","","",
"FRBVC213","10:47 AM","113.0","-0.30","55.5","43.1","0.0","1.4","5/10/2018","","",
"FRB07BE2","10:51 AM","95.0","-8.50","54.1","43.7","0.0","2.2","5/10/2018","","",
"FRB07BD3","10:55 AM","126.0","-13.30","56.6","42.1","0.0","1.3","5/10/2018","","",
"FRB7BC2W","10:59 AM","96.0","-11.80","56.6","40.6","0.0","2.8","5/10/2018","","",
"FRB7BC1W","11:01 AM","92.0","-10.00","56.5","41.2","0.0","2.3","5/10/2018","","",
"FRBVC123","11:04 AM","94.0","-11.50","56.7","40.6","0.0","2.7","5/10/2018","","",
"FRB07BE1","11:07 AM","97.0","-3.00","56.1","42.7","0.0","1.2","5/10/2018","","",
"FRBVC214","11:15 AM","104.0","-1.80","55.8","42.1","0.0","2.1","5/10/2018","","",
"FRBVC193","11:22 AM","85.0","-0.40","7.0","38.2","0.7","54.1","5/10/2018","","",
"FRBVC192","11:34 AM","78.0","-0.50","9.2","33.8","1.2","55.8","5/10/2018","","",
"FRB05DG1","12:50 PM","110.0","-3.70","48.9","41.4","0.0","9.7","5/11/2018","","",
"FRB05DG2","12:54 PM","91.0","-7.40","45.9","44.0","0.0","10.1","5/11/2018","","",
"FRB05DG3","12:58 PM","113.0","-2.20","46.5","44.2","0.0","9.3","5/11/2018","","",
"FRB05DG6","1:03 PM","113.0","-2.10","52.0","45.1","0.0","2.9","5/11/2018","","",
"FRB05DG5","1:07 PM","93.0","-3.00","49.8","45.8","0.0","4.4","5/11/2018","","",
"FRBVC177","1:11 PM","87.0","-15.90","16.6","28.2","0.0","55.2","5/11/2018","","",
"FRBVC178","1:17 PM","114.0","-5.30","53.8","46.1","0.0","0.1","5/11/2018","","",
"FRBSVE13","1:36 PM","64.0","-12.60","1.3","1.4","20.4","76.9","5/11/2018","","",
"FRBSVE14","1:39 PM","65.0","-13.20","0.8","1.9","19.7","77.6","5/11/2018","","",
"FRBSVE15","1:41 PM","67.0","-2.40","0.0","0.5","21.1","78.4","5/11/2018","","",
"FRBSVE16","1:45 PM","58.0","-12.60","59.4","40.5","0.0","0.1","5/11/2018","","",
"FRBSVE17","1:48 PM","56.0","-12.30","45.6","34.4","1.5","18.5","5/11/2018","","",
"FRB00MC3","1:10 PM","72.0","-18.60","0.2","0.7","20.7","78.4","5/14/2018","","",
"FRB00MC4","1:12 PM","81.0","-3.40","2.4","3.9","17.9","75.8","5/14/2018","","",
"FRB00MC5","1:16 PM","83.0","-2.20","0.7","2.2","19.2","77.9","5/14/2018","","",
"FRB00MC6","1:20 PM","86.0","-24.20","38.7","38.5","1.2","21.6","5/14/2018","","",
"FRB0VC72","1:30 PM","82.0","-16.60","5.7","9.2","13.4","71.7","5/14/2018","","",
"FRBVC112","1:33 PM","80.0","-0.20","0.0","0.4","20.2","79.4","5/14/2018","","",
"FRBVC111","1:35 PM","78.0","-0.40","2.1","2.0","19.0","76.9","5/14/2018","","",
"FRBVC110","1:38 PM","84.0","-1.80","9.0","7.1","16.3","67.6","5/14/2018","","",
"FRB0VC71","1:40 PM","77.0","-12.00","24.3","21.3","8.8","45.6","5/14/2018","","",
"FRBVC55R","4:49 PM","97.0","-20.60","44.0","38.4","0.7","16.9","5/14/2018","","",
"FRB00D2W","4:52 PM","108.0","-17.80","57.5","42.4","0.0","0.1","5/14/2018","","",
"FRB00C2W","4:56 PM","101.0","-19.20","58.2","41.7","0.0","0.1","5/14/2018","","",
"FRB00B2W","5:00 PM","111.0","-20.60","58.2","41.7","0.0","0.1","5/14/2018","","",
"FRB00A2W","5:02 PM","109.0","-18.80","57.3","42.6","0.0","0.1","5/14/2018","","",
"FRBVC60R","5:06 PM","116.0","-18.70","52.8","41.3","0.3","5.6","5/14/2018","","",
"FRBVC116","5:09 PM","104.0","-1.20","22.8","17.8","10.7","48.7","5/14/2018","","",
"FRBVC117","5:12 PM","102.0","-0.40","6.7","5.1","17.2","71.0","5/14/2018","","",
"FRBVC118","5:14 PM","106.0","-3.80","42.3","31.4","4.3","22.0","5/14/2018","","",
"FRBVC58R","5:20 PM","95.0","-5.50","50.9","39.5","3.0","6.6","5/14/2018","","",
"FRBVC57R","5:22 PM","95.0","-7.40","43.1","35.1","2.7","19.1","5/14/2018","","",
"FRBVC115","5:27 PM","103.0","-2.30","44.8","34.1","2.4","18.7","5/14/2018","","",
"FRBVC114","5:29 PM","95.0","-1.50","9.6","11.5","11.7","67.2","5/14/2018","","",
"FRBVC113","5:31 PM","94.0","-0.50","0.0","2.2","17.9","79.9","5/14/2018","","",
"FRBVC64R","5:35 PM","95.0","-3.30","43.7","35.0","3.5","17.8","5/14/2018","","",
"FRBVC56R","5:39 PM","99.0","-12.10","42.1","37.5","0.4","20.0","5/14/2018","","",
"FRBVC204","5:46 PM","98.0","-12.00","56.0","43.9","0.0","0.1","5/14/2018","","",
"FRBVC205","5:49 PM","118.0","-8.10","44.7","39.2","0.0","16.1","5/14/2018","","",
"FRBVC206","5:52 PM","96.0","-10.00","50.0","43.7","0.0","6.3","5/14/2018","","",
"FRBSVE2A","12:32 PM","68.0","-0.60","0.0","0.4","20.9","78.7","5/15/2018","","",
"FRBSVE2B","12:35 PM","67.0","-2.20","9.5","9.9","12.3","68.3","5/15/2018","","",
"FRBSVE3A","12:38 PM","64.0","-0.30","0.0","0.4","21.1","78.5","5/15/2018","","",
"FRBSVE3B","12:40 PM","65.0","-3.10","23.7","20.4","6.7","49.2","5/15/2018","","",
"FRBSVE4A","12:44 PM","64.0","-0.70","0.2","1.7","19.4","78.7","5/15/2018","","",
"FRBSVE4B","12:46 PM","68.0","-14.80","24.4","18.2","6.9","50.5","5/15/2018","","",
"FRBSVE5A","12:54 PM","64.0","-3.40","2.9","13.4","3.6","80.1","5/15/2018","","",
"FRBSVE5B","12:57 PM","67.0","-20.00","51.5","36.5","0.1","11.9","5/15/2018","","",
"FRBSVE6A","1:01 PM","62.0","-1.60","2.3","13.4","1.1","83.2","5/15/2018","","",
"FRBSVE6B","1:03 PM","68.0","-19.90","49.7","31.8","1.2","17.3","5/15/2018","","",
"FRBSVE7A","1:07 PM","65.0","-19.50","35.9","27.3","3.3","33.5","5/15/2018","","",
"FRBSVE7B","1:09 PM","62.0","-1.20","15.5","18.2","3.7","62.6","5/15/2018","","",
"FRBSVE8A","1:14 PM","76.0","-19.30","32.6","29.4","0.2","37.8","5/15/2018","","",
"FRBSVE8B","1:16 PM","74.0","-21.40","52.0","35.5","0.5","12.0","5/15/2018","","",
"FRBSVE9A","1:19 PM","77.0","-18.60","27.6","27.1","0.1","45.2","5/15/2018","","",
"FRBSVE9B","1:21 PM","76.0","-20.70","54.6","36.4","0.5","8.5","5/15/2018","","",
"FBSVE10A","1:25 PM","78.0","-17.80","26.8","25.9","0.0","47.3","5/15/2018","","",
"FBSVE10B","1:27 PM","75.0","-21.30","60.8","37.2","0.1","1.9","5/15/2018","","",
"FRB8CA1S","1:34 PM","109.0","-13.00","23.5","30.2","0.0","46.3","5/15/2018","","",
"FRB8CA2S","1:37 PM","86.0","-5.60","21.1","29.1","0.0","49.8","5/15/2018","","",
"FRB08CA3","4:33 PM","106.0","-1.40","48.5","51.4","0.0","0.1","5/15/2018","","",
"FRB8CA1N","4:35 PM","109.0","-8.20","55.5","44.4","0.0","0.1","5/15/2018","","",
"FRB8CA2N","4:38 PM","106.0","-7.30","50.6","43.2","0.0","6.2","5/15/2018","","",
"FBSVE11A","4:44 PM","83.0","-6.40","0.1","0.7","20.3","78.9","5/15/2018","","",
"FBSVE11B","4:46 PM","75.0","-6.90","0.4","0.5","20.1","79.0","5/15/2018","","",
"FRBMTC1S","4:48 PM","65.0","-1.00","4.1","2.5","18.5","74.9","5/15/2018","","",
"FRBMTC1N","4:52 PM","64.0","-0.90","4.7","3.7","17.4","74.2","5/15/2018","","",
"FBSVE12A","4:54 PM","82.0","-0.10","0.0","0.4","20.1","79.5","5/15/2018","","",
"FBSVE12B","4:56 PM","82.0","-13.00","60.2","34.7","0.0","5.1","5/15/2018","","",
"FRB8CLC3","4:59 PM","80.0","-6.90","44.6","47.7","1.2","6.5","5/15/2018","","",
"FRB8CLC2","5:02 PM","100.0","-3.10","4.0","51.4","8.5","36.1","5/15/2018","","",
"FRB8CLC1","5:05 PM","77.0","-7.40","51.6","48.3","0.0","0.1","5/15/2018","","",
"FRBAHC03","5:08 PM","76.0","0.00","0.1","0.7","19.9","79.3","5/15/2018","","",
"FRBAHC02","5:10 PM","70.0","0.00","0.1","0.4","20.1","79.4","5/15/2018","","",
"FRBAHC01","5:13 PM","68.0","0.00","0.1","0.4","20.1","79.4","5/15/2018","","",
"FRB08CB1","5:16 PM","98.0","-0.90","31.6","66.2","0.0","2.2","5/15/2018","","",
"FRB08CB2","5:19 PM","96.0","-1.50","38.1","50.0","0.0","11.9","5/15/2018","","",
"FRB8CLC1","5:23 PM","84.0","-1.80","8.1","44.4","0.0","47.5","5/15/2018","","",
"FRB08CB3","5:27 PM","114.0","-2.00","39.6","46.4","0.0","14.0","5/15/2018","","",
"FRB08CB4","5:32 PM","106.0","-2.80","36.7","45.7","0.0","17.6","5/15/2018","","",
"FRB08CB5","5:35 PM","113.0","-2.20","45.1","50.3","0.0","4.6","5/15/2018","","",
"FRB08CB6","5:39 PM","113.0","-6.40","24.8","39.1","0.0","36.1","5/15/2018","","",
"FRBVC213","5:47 PM","106.0","-7.10","55.6","43.7","0.0","0.7","5/15/2018","","",
"FRBVC214","5:53 PM","102.0","-5.60","55.6","43.5","0.0","0.9","5/15/2018","","",
"FRBVC194","1:08 PM","98.0","-0.50","55.8","44.0","0.0","0.2","5/18/2018","","",
"FRBVC195","1:20 PM","0.0","-0.80","53.6","46.3","0.0","0.1","5/18/2018","","",
"FRBVC196","1:31 PM","0.0","-1.00","55.5","44.4","0.0","0.1","5/18/2018","","",
"FRBVC197","2:15 PM","96.0","-0.70","56.8","43.1","0.0","0.1","5/18/2018","","",
"FRBVC199","2:25 PM","74.0","-0.10","45.1","54.8","0.0","0.1","5/18/2018","","",
"FRBVC198","2:34 PM","78.0","-0.60","53.2","46.7","0.0","0.1","5/18/2018","","",
"FRBVC209","12:48 PM","90.0","-14.30","45.2","39.4","0.0","15.4","6/01/2018","","",
"FRBVC184","12:59 PM","98.0","-0.60","37.6","36.6","0.1","25.7","6/01/2018","","",
"FRBVC185","1:06 PM","117.0","-0.30","57.2","42.5","0.0","0.3","6/01/2018","","",
"FRBVC186","1:10 PM","113.0","-1.20","51.7","39.1","2.0","7.2","6/01/2018","","",
"FRBVC187","1:15 PM","105.0","-1.10","43.9","33.2","4.2","18.7","6/01/2018","","",
"FRB07BB4","1:19 PM","96.0","-15.80","55.4","42.5","0.4","1.7","6/01/2018","","",
"FRB07BA4","1:22 PM","102.0","-17.40","54.7","42.0","0.6","2.7","6/01/2018","","",
"FB5BCC9S","12:45 PM","84.0","-13.60","19.9","19.4","11.9","48.8","6/07/2018","","",
"FRB5BCB8","12:51 PM","85.0","-11.80","22.4","15.2","13.1","49.3","6/07/2018","","",
"FB5BCC8S","12:54 PM","99.0","-13.10","58.3","40.9","0.3","0.5","6/07/2018","","",
"FB5BCC7S","12:59 PM","104.0","-1.70","58.1","41.8","0.0","0.1","6/07/2018","","",
"FB5BCD6S","1:03 PM","108.0","-12.60","57.4","42.5","0.0","0.1","6/07/2018","","",
"FB5BCC6S","1:07 PM","115.0","-6.80","50.4","34.9","2.5","12.2","6/07/2018","","",
"FB5BCD5S","1:10 PM","113.0","-11.60","58.6","41.3","0.0","0.1","6/07/2018","","",
"FRB5BCE5","1:12 PM","112.0","-12.50","57.2","42.7","0.0","0.1","6/07/2018","","",
"FRB5BCE4","1:15 PM","112.0","-12.50","57.7","42.2","0.0","0.1","6/07/2018","","",
"FRB5BCE3","1:17 PM","115.0","-12.10","57.3","42.5","0.0","0.2","6/07/2018","","",
"FRB5BCE2","1:21 PM","115.0","-11.40","57.1","42.3","0.0","0.6","6/07/2018","","",
"FB5BCC5S","1:24 PM","114.0","-9.00","58.9","40.0","0.0","1.1","6/07/2018","","",
"FB5BCA5E","1:27 PM","97.0","-12.00","58.4","39.1","0.1","2.4","6/07/2018","","",
"FB5BCA4E","1:29 PM","97.0","-11.90","58.9","39.8","0.0","1.3","6/07/2018","","",
"FB5BCC4S","1:44 PM","108.0","-10.50","58.5","39.8","0.0","1.7","6/07/2018","","",
"FB5BCD3S","1:47 PM","112.0","-11.40","57.0","41.1","0.0","1.9","6/07/2018","","",
"FB5BCC3S","1:49 PM","88.0","-11.90","59.3","39.8","0.0","0.9","6/07/2018","","",
"FRB5BCE1","1:52 PM","116.0","-11.60","56.2","42.3","0.0","1.5","6/07/2018","","",
"FB5BCD2S","1:55 PM","111.0","-11.20","57.2","41.2","0.0","1.6","6/07/2018","","",
"FB5BCC2S","1:58 PM","95.0","-11.60","60.0","39.3","0.0","0.7","6/07/2018","","",
"FB5BCC1S","2:00 PM","97.0","-10.50","59.6","39.2","0.0","1.2","6/07/2018","","",
"FRBVC103","5:03 PM","104.0","-10.00","54.7","40.5","0.9","3.9","6/07/2018","","",
"FRBVC104","5:06 PM","96.0","-10.70","54.2","40.6","0.9","4.3","6/07/2018","","",
"FRB5DE1S","5:08 PM","99.0","-10.70","31.6","25.2","8.3","34.9","6/07/2018","","",
"FBVC105R","5:14 PM","117.0","-10.50","55.0","44.9","0.0","0.1","6/07/2018","","",
"FRBVC126","5:16 PM","110.0","-9.10","55.5","44.4","0.0","0.1","6/07/2018","","",
"FBVC106R","5:20 PM","98.0","-14.40","55.1","44.8","0.0","0.1","6/07/2018","","",
"FRB05DF1","5:23 PM","89.0","-14.50","49.3","38.7","1.9","10.1","6/07/2018","","",
"FRBVC107","5:25 PM","90.0","-14.30","54.2","43.8","0.1","1.9","6/07/2018","","",
"FRBVC108","5:29 PM","83.0","-15.40","51.4","40.9","1.0","6.7","6/07/2018","","",
"FRB05DF2","5:31 PM","88.0","-15.80","55.9","43.7","0.0","0.4","6/07/2018","","",
"FBVC109R","5:34 PM","108.0","-17.90","42.8","35.7","3.6","17.9","6/07/2018","","",
"FRB05DF3","5:38 PM","89.0","-17.10","55.4","42.6","0.1","1.9","6/07/2018","","",
"FRB05DF4","5:41 PM","87.0","-17.50","55.9","42.5","0.1","1.5","6/07/2018","","",
"FRB5DE5S","5:44 PM","86.0","-17.30","41.6","34.5","3.9","20.0","6/07/2018","","",
"FRB5DE6S","5:46 PM","90.0","-17.50","53.3","41.7","0.6","4.4","6/07/2018","","",
"FRB5DE7S","5:48 PM","87.0","-18.00","38.8","31.4","4.2","25.6","6/07/2018","","",
"FB5BCC9S","12:19 PM","87.0","-12.70","27.7","26.7","8.5","37.1","6/12/2018","","",
"FRB5BCB8","12:22 PM","87.0","-11.50","4.2","3.9","18.3","73.6","6/12/2018","","",
"FRBVC215","12:31 PM","0.0","-2.60","32.4","30.0","1.8","35.8","6/12/2018","","",
"FRBVC159","12:35 PM","0.0","-2.70","35.7","33.6","0.0","30.7","6/12/2018","","",
"FRBVC165","12:40 PM","0.0","-1.30","45.7","35.8","1.5","17.0","6/12/2018","","",
"FRBVC164","12:44 PM","0.0","-1.00","53.2","40.5","0.3","6.0","6/12/2018","","",
"FRBVC149","12:48 PM","97.0","-2.30","35.6","32.6","0.0","31.8","6/12/2018","","",
"FRBVC163","1:02 PM","0.0","-1.60","3.1","18.4","0.9","77.6","6/12/2018","","",
"FRBVC162","1:06 PM","0.0","-0.60","25.5","28.6","0.8","45.1","6/12/2018","","",
"FRBVC155","1:09 PM","105.0","-2.40","57.1","41.2","0.0","1.7","6/12/2018","","",
"FRBVC156","1:13 PM","0.0","-0.70","55.8","41.6","0.0","2.6","6/12/2018","","",
"FRBVC172","1:16 PM","115.0","-7.60","52.5","39.4","0.0","8.1","6/12/2018","","",
"FRBVC171","1:20 PM","112.0","-12.70","55.6","41.3","0.0","3.1","6/12/2018","","",
"FRBVC170","1:22 PM","105.0","-14.50","56.7","41.8","0.0","1.5","6/12/2018","","",
"FRBVC175","1:27 PM","107.0","-4.40","48.1","40.0","0.3","11.6","6/12/2018","","",
"FRBVC174","1:31 PM","114.0","-1.60","47.1","40.6","0.3","12.0","6/12/2018","","",
"FRBVC202","1:34 PM","0.0","-4.70","53.6","43.8","0.0","2.6","6/12/2018","","",
"FRBVC203","1:38 PM","0.0","-7.40","54.2","42.9","0.2","2.7","6/12/2018","","",
"FRBVC137","1:42 PM","128.0","-11.20","54.5","44.3","0.0","1.2","6/12/2018","","",
"FRBVC136","1:46 PM","126.0","-8.50","54.7","43.7","0.0","1.6","6/12/2018","","",
"FRBVC135","1:49 PM","128.0","-4.10","55.2","42.6","0.0","2.2","6/12/2018","","",
"FRBVC134","1:53 PM","126.0","-4.60","55.1","42.7","0.0","2.2","6/12/2018","","",
"FRBVC138","1:58 PM","125.0","-4.20","56.5","42.2","0.0","1.3","6/12/2018","","",
"FRBVC126","2:13 PM","94.0","-14.60","56.9","40.7","0.0","2.4","6/12/2018","","",
"FRB07AB4","11:03 AM","76.0","-18.00","14.1","11.7","14.6","59.6","6/15/2018","","",
"FRB00MC3","11:27 AM","75.0","-19.80","0.1","0.8","20.3","78.8","6/15/2018","","",
"FRB00MC4","11:29 AM","80.0","-3.60","2.8","3.8","17.7","75.7","6/15/2018","","",
"FRB00MC5","11:33 AM","82.0","-2.40","1.4","2.3","18.9","77.4","6/15/2018","","",
"FRB00MC6","11:38 AM","84.0","-23.00","39.1","35.4","3.6","21.9","6/15/2018","","",
"FRB0VC72","11:45 AM","84.0","-15.10","6.8","9.7","13.1","70.4","6/15/2018","","",
"FRBVC112","11:48 AM","83.0","-0.20","0.0","0.3","20.2","79.5","6/15/2018","","",
"FRBVC111","11:51 AM","82.0","-0.30","4.8","4.5","17.7","73.0","6/15/2018","","",
"FRBVC110","11:55 AM","85.0","-1.80","8.8","7.2","16.2","67.8","6/15/2018","","",
"FRB0VC71","11:57 AM","78.0","-9.70","22.8","19.8","9.6","47.8","6/15/2018","","",
"FRBVC55R","12:06 PM","93.0","-3.40","39.8","36.4","0.8","23.0","6/15/2018","","",
"FRB00D2W","12:09 PM","108.0","-3.90","58.4","41.3","0.0","0.3","6/15/2018","","",
"FRB00C2W","12:13 PM","97.0","-17.80","58.5","41.2","0.0","0.3","6/15/2018","","",
"FRB00B2W","12:18 PM","114.0","-21.70","57.7","40.3","0.3","1.7","6/15/2018","","",
"FRB00A2W","12:20 PM","110.0","-23.20","57.0","42.0","0.0","1.0","6/15/2018","","",
"FRBVC58R","12:26 PM","86.0","-6.70","47.7","37.9","2.3","12.1","6/15/2018","","",
"FRBVC57R","12:29 PM","86.0","-7.00","44.6","36.9","1.6","16.9","6/15/2018","","",
"FRBVC60R","12:35 PM","116.0","-21.60","51.1","41.5","0.2","7.2","6/15/2018","","",
"FRBVC116","12:38 PM","104.0","-1.50","20.0","16.5","10.8","52.7","6/15/2018","","",
"FRBVC116","12:38 PM","104.0","-1.50","20.0","16.5","10.8","52.7","6/15/2018","","",
"FRBVC117","12:41 PM","100.0","-0.30","10.3","8.1","15.2","66.4","6/15/2018","","",
"FRBVC118","12:44 PM","106.0","-3.90","41.0","30.7","4.6","23.7","6/15/2018","","",
"FRBVC115","12:50 PM","103.0","-1.90","46.2","34.7","2.2","16.9","6/15/2018","","",
"FRBVC114","12:52 PM","96.0","-1.40","16.2","15.8","10.4","57.6","6/15/2018","","",
"FRBVC113","12:55 PM","96.0","-0.50","0.6","3.9","16.2","79.3","6/15/2018","","",
"FRBVC64R","12:59 PM","87.0","-1.80","46.9","37.0","2.5","13.6","6/15/2018","","",
"FRBVC56R","1:02 PM","96.0","-5.80","44.5","37.9","0.3","17.3","6/15/2018","","",
"FRB00MC1","1:12 PM","86.0","-8.80","58.2","39.6","0.0","2.2","6/15/2018","","",
"FRB0UHC1","12:32 PM","86.0","0.00","0.0","16.5","5.1","78.4","6/18/2018","","",
"FRB0LHC1","12:35 PM","74.0","-25.00","9.4","15.9","5.7","69.0","6/18/2018","","",
"FRB07AA7","12:41 PM","104.0","-21.30","45.7","38.7","0.0","15.6","6/18/2018","","",
"FRB07AA6","12:45 PM","79.0","-23.10","50.3","37.8","2.5","9.4","6/18/2018","","",
"FRB07AB5","12:48 PM","92.0","-12.30","56.5","42.3","0.3","0.9","6/18/2018","","",
"FRB0LHC2","12:52 PM","77.0","0.00","0.0","0.4","20.7","78.9","6/18/2018","","",
"FRB07AA5","12:56 PM","104.0","-22.20","55.5","42.1","0.0","2.4","6/18/2018","","",
"FRB07AA4","1:02 PM","105.0","-19.50","57.2","42.0","0.1","0.7","6/18/2018","","",
"FRB07AB3","1:05 PM","86.0","-19.80","57.9","41.4","0.0","0.7","6/18/2018","","",
"FRB0UHC2","1:07 PM","84.0","0.00","0.0","1.4","19.8","78.8","6/18/2018","","",
"FRB007C4","12:08 PM","120.0","-12.10","56.4","43.2","0.0","0.4","6/19/2018","","",
"FRB007C5","12:11 PM","94.0","-18.10","21.5","18.1","11.9","48.5","6/19/2018","","",
"FRB007C6","12:14 PM","100.0","-23.70","50.4","40.6","0.2","8.8","6/19/2018","","",
"FRBVC208","12:23 PM","101.0","-10.50","14.7","23.4","0.0","61.9","6/19/2018","","",
"FRBVC207","12:27 PM","98.0","-12.20","22.8","28.9","0.0","48.3","6/19/2018","","",
"FRB007D1","12:35 PM","123.0","-17.70","47.5","39.7","0.0","12.8","6/19/2018","","",
"FRB007D2","12:38 PM","126.0","-25.20","56.0","43.9","0.0","0.1","6/19/2018","","",
"FRB007D3","12:41 PM","125.0","-24.40","56.6","43.3","0.0","0.1","6/19/2018","","",
"FRBVC204","12:46 PM","100.0","-12.50","55.3","42.8","0.0","1.9","6/19/2018","","",
"FRB007D4","12:49 PM","118.0","-24.20","55.9","42.9","0.0","1.2","6/19/2018","","",
"FRB5DE6W","12:52 PM","120.0","-24.60","56.4","42.4","0.0","1.2","6/19/2018","","",
"FRBVC205","12:56 PM","117.0","-6.70","41.4","36.8","0.0","21.8","6/19/2018","","",
"FRBVC206","1:01 PM","98.0","-10.10","36.3","36.9","0.0","26.8","6/19/2018","","",
"FRB5DE7W","1:04 PM","125.0","-12.00","55.8","42.9","0.0","1.3","6/19/2018","","",
"FRBVC188","1:09 PM","120.0","-1.70","51.3","42.5","0.0","6.2","6/19/2018","","",
"FRBVC189","1:13 PM","127.0","-0.70","55.0","42.8","0.0","2.2","6/19/2018","","",
"FRB7BC4W","1:17 PM","124.0","-12.10","55.9","42.9","0.0","1.2","6/19/2018","","",
"FRB7BC5W","1:20 PM","118.0","-10.10","56.1","42.3","0.0","1.6","6/19/2018","","",
"FRB7BC6W","1:22 PM","116.0","-9.00","56.3","42.0","0.0","1.7","6/19/2018","","",
"FRB07BD1","1:29 PM","104.0","-4.00","54.7","42.7","0.0","2.6","6/19/2018","","",
"FRB07BE3","1:31 PM","104.0","-3.70","53.4","43.4","0.1","3.1","6/19/2018","","",
"FRB07BD2","1:35 PM","116.0","-4.70","53.8","44.0","0.0","2.2","6/19/2018","","",
"FRB7BC3W","1:38 PM","96.0","-6.10","49.1","37.8","1.6","11.5","6/19/2018","","",
"FRBVC122","1:41 PM","103.0","-4.90","52.6","39.9","0.7","6.8","6/19/2018","","",
"FRB07BE2","1:44 PM","94.0","-3.80","53.3","44.1","0.0","2.6","6/19/2018","","",
"FRB07BD3","1:47 PM","127.0","-4.70","55.5","42.6","0.0","1.9","6/19/2018","","",
"FRB7BC2W","1:51 PM","95.0","-4.50","55.7","41.6","0.0","2.7","6/19/2018","","",
"FRB7BC1W","1:54 PM","94.0","-5.10","55.6","42.3","0.0","2.1","6/19/2018","","",
"FRBVC123","1:56 PM","95.0","-3.90","56.6","41.3","0.0","2.1","6/19/2018","","",
"FRB5BCE1","1:59 PM","100.0","-2.40","49.7","42.5","0.0","7.8","6/19/2018","","",
"FRBVC214","2:03 PM","102.0","-3.10","54.7","42.5","0.0","2.8","6/19/2018","","",
"FRBVC213","2:07 PM","105.0","-2.60","55.1","42.1","0.0","2.8","6/19/2018","","",
"FRBVC194","4:17 PM","100.0","-0.30","55.5","42.2","0.0","2.3","6/19/2018","","",
"FRBVC195","4:21 PM","98.0","-1.10","52.4","45.6","0.0","2.0","6/19/2018","","",
"FRBVC196","4:27 PM","100.0","-1.00","52.4","46.0","0.0","1.6","6/19/2018","","",
"FRBVC197","4:32 PM","97.0","-2.30","54.3","44.5","0.0","1.2","6/19/2018","","",
"FRBVC198","4:36 PM","78.0","-0.30","49.9","49.1","0.0","1.0","6/19/2018","","",
"FRBVC199","4:40 PM","80.0","-0.10","43.5","55.6","0.0","0.9","6/19/2018","","",
"FRB00MC2","4:49 PM","87.0","-11.80","33.5","22.6","7.0","36.9","6/19/2018","","",
"FRB00MC7","4:52 PM","93.0","-11.50","54.4","34.6","0.7","10.3","6/19/2018","","",
"FRB00MC8","4:55 PM","94.0","-11.50","55.8","35.6","0.8","7.8","6/19/2018","","",
"FRBSVE13","5:01 PM","65.0","-10.30","1.8","1.7","18.8","77.7","6/19/2018","","",
"FRBSVE14","5:04 PM","65.0","-10.40","2.1","3.3","17.3","77.3","6/19/2018","","",
"FRBSVE15","5:06 PM","68.0","-7.00","0.0","0.5","19.6","79.9","6/19/2018","","",
"FRBSVE16","5:10 PM","62.0","-9.60","57.6","38.1","0.3","4.0","6/19/2018","","",
"FRBSVE17","5:13 PM","62.0","-8.20","47.3","34.3","0.8","17.6","6/19/2018","","",
"FRBVC215","5:17 PM","0.0","-7.90","28.1","29.2","0.5","42.2","6/19/2018","","",
"FRB05DG1","12:02 PM","116.0","-3.50","50.6","42.1","0.0","7.3","6/20/2018","","",
"FRB05DG2","12:08 PM","92.0","-7.00","47.3","44.0","0.0","8.7","6/20/2018","","",
"FRB05DG3","12:16 PM","113.0","-1.70","47.7","43.9","0.0","8.4","6/20/2018","","",
"FRB05DG4","12:21 PM","116.0","-2.70","50.7","45.1","0.0","4.2","6/20/2018","","",
"FRB05DG5","12:27 PM","95.0","-2.40","51.4","45.5","0.0","3.1","6/20/2018","","",
"FRBVC177","12:31 PM","105.0","-13.40","18.9","30.0","0.0","51.1","6/20/2018","","",
"FRB05DG6","12:37 PM","113.0","-3.40","53.1","44.9","0.0","2.0","6/20/2018","","",
"FRBVC178","12:43 PM","115.0","-4.30","54.2","45.5","0.0","0.3","6/20/2018","","",
"FRBVC211","12:49 PM","110.0","-6.20","58.2","40.8","0.0","1.0","6/20/2018","","",
"FRBVC173","12:53 PM","114.0","-4.10","55.1","43.7","0.0","1.2","6/20/2018","","",
"FRBVC144","12:58 PM","94.0","-9.00","46.3","38.8","1.5","13.4","6/20/2018","","",
"FRBVC212","1:04 PM","107.0","-7.50","58.5","40.9","0.0","0.6","6/20/2018","","",
"FRBVC190","1:08 PM","105.0","-1.90","46.2","46.9","0.0","6.9","6/20/2018","","",
"FRBVC191","1:14 PM","103.0","-1.30","29.2","54.3","0.0","16.5","6/20/2018","","",
"FRBVC192","1:18 PM","78.0","-0.20","27.4","64.8","0.0","7.8","6/20/2018","","",
"FRBVC139","12:03 PM","120.0","-8.20","54.9","44.9","0.1","0.1","6/21/2018","","",
"FRBVC140","12:07 PM","100.0","-8.90","57.3","42.3","0.3","0.1","6/21/2018","","",
"FRBVC150","12:13 PM","123.0","-8.40","58.4","40.4","0.0","1.2","6/21/2018","","",
"FRBVC141","12:16 PM","116.0","-8.10","51.4","40.6","0.0","8.0","6/21/2018","","",
"FRBVC142","12:18 PM","86.0","-8.10","45.5","41.2","2.2","11.1","6/21/2018","","",
"FRB5BCF5","12:24 PM","116.0","-8.10","55.9","44.0","0.0","0.1","6/21/2018","","",
"FRBVC147","12:30 PM","117.0","-10.50","56.5","41.3","0.0","2.2","6/21/2018","","",
"FRBVC151","12:34 PM","93.0","-10.80","58.7","41.2","0.0","0.1","6/21/2018","","",
"FRBVC157","12:38 PM","107.0","-4.30","53.3","39.8","0.0","6.9","6/21/2018","","",
"FRB5BCF4","12:46 PM","118.0","-9.00","55.7","44.2","0.0","0.1","6/21/2018","","",
"FRB5BCF3","12:49 PM","120.0","-8.70","55.7","44.0","0.0","0.3","6/21/2018","","",
"FRBVC158","12:53 PM","95.0","-3.70","54.4","41.3","0.0","4.3","6/21/2018","","",
"FRB5BCF1","12:57 PM","114.0","-6.60","55.6","44.3","0.0","0.1","6/21/2018","","",
"FRB5BCF2","1:00 PM","124.0","-4.00","48.1","42.0","0.0","9.9","6/21/2018","","",
"FRBVC148","1:05 PM","118.0","-10.40","57.9","41.6","0.0","0.5","6/21/2018","","",
"FRBVC210","1:12 PM","106.0","-8.40","56.4","42.0","0.0","1.6","6/21/2018","","",
"FRBVC153","1:17 PM","104.0","-8.30","56.5","41.6","0.0","1.9","6/21/2018","","",
"FBVC154D","1:21 PM","105.0","-8.00","56.4","40.9","0.0","2.7","6/21/2018","","",
"FBVC154S","1:24 PM","113.0","-2.80","27.8","34.4","0.0","37.8","6/21/2018","","",
"FRB08CB6","1:28 PM","115.0","-5.20","28.4","40.0","0.0","31.6","6/21/2018","","",
"FRBVC168","1:32 PM","107.0","-3.40","41.3","37.2","0.0","21.5","6/21/2018","","",
"FRBVC152","1:37 PM","96.0","-9.20","48.5","36.9","0.0","14.6","6/21/2018","","",
"FRBVC146","1:43 PM","118.0","-9.00","58.6","40.1","0.0","1.3","6/21/2018","","",
"FRBVC145","1:47 PM","118.0","-5.80","54.6","41.2","0.0","4.2","6/21/2018","","",
"FRBVC176","1:51 PM","116.0","-3.40","52.2","41.3","0.0","6.5","6/21/2018","","",
"FRBSVE2A","11:30 AM","80.0","-0.50","0.0","0.4","20.5","79.1","6/22/2018","","",
"FRBSVE2B","11:33 AM","82.0","-1.80","12.8","12.0","10.3","64.9","6/22/2018","","",
"FRBSVE3A","11:37 AM","78.0","-0.20","0.0","0.2","20.4","79.4","6/22/2018","","",
"FRBSVE3B","11:40 AM","76.0","-2.20","24.0","20.4","6.1","49.5","6/22/2018","","",
"FRBSVE4A","11:44 AM","80.0","-0.50","0.4","2.0","18.3","79.3","6/22/2018","","",
"FRBSVE4B","11:47 AM","77.0","-13.20","23.9","18.4","6.4","51.3","6/22/2018","","",
"FRBSVE5A","11:52 AM","76.0","-2.20","2.2","10.6","6.4","80.8","6/22/2018","","",
"FRBSVE5B","11:54 AM","75.0","-16.50","51.9","36.4","0.0","11.7","6/22/2018","","",
"FRBSVE6A","11:57 AM","78.0","-0.70","2.7","12.8","1.9","82.6","6/22/2018","","",
"FRBSVE6B","12:00 PM","77.0","-16.00","52.4","32.2","0.7","14.7","6/22/2018","","",
"FRBSVE7A","12:04 PM","80.0","-15.30","34.4","27.3","2.3","36.0","6/22/2018","","",
"FRBSVE7B","12:06 PM","80.0","-0.70","18.4","19.1","3.0","59.5","6/22/2018","","",
"FRBSVE8A","12:15 PM","80.0","-16.20","33.6","28.7","0.0","37.7","6/22/2018","","",
"FRBSVE8B","12:17 PM","82.0","-16.90","58.2","36.0","0.0","5.8","6/22/2018","","",
"FRBSVE9A","12:20 PM","81.0","-15.00","28.4","26.3","0.0","45.3","6/22/2018","","",
"FRBSVE9B","12:23 PM","84.0","-17.10","60.2","36.5","0.2","3.1","6/22/2018","","",
"FBSVE10A","12:26 PM","80.0","-13.70","27.8","25.4","0.0","46.8","6/22/2018","","",
"FBSVE10B","12:28 PM","811.0","-16.90","59.8","36.1","0.0","4.1","6/22/2018","","",
"FRB8CA1S","12:36 PM","106.0","-8.80","39.9","37.4","0.0","22.7","6/22/2018","","",
"FRB8CA2S","12:39 PM","100.0","-3.80","24.7","29.2","0.3","45.8","6/22/2018","","",
"FRB08CB3","12:49 PM","109.0","-0.30","52.4","46.3","0.0","1.3","6/22/2018","","",
"FRB08CB2","12:53 PM","96.0","-1.20","51.6","47.4","0.0","1.0","6/22/2018","","",
"FRBVC193","12:57 PM","92.0","-1.30","21.6","58.9","0.0","19.5","6/22/2018","","",
"FRB08CB1","1:02 PM","95.0","-0.20","46.4","53.5","0.0","0.1","6/22/2018","","",
"FRB08CA3","1:05 PM","106.0","-1.00","53.7","46.2","0.0","0.1","6/22/2018","","",
"FRB8CA1N","1:08 PM","108.0","-6.00","57.5","42.4","0.0","0.1","6/22/2018","","",
"FRB8CA1N","1:08 PM","108.0","-6.00","57.5","42.4","0.0","0.1","6/22/2018","","",
"FRB8CA2N","1:11 PM","106.0","-5.70","52.6","41.4","0.0","6.0","6/22/2018","","",
"FBSVE11A","1:15 PM","85.0","-1.90","0.2","0.4","19.9","79.5","6/22/2018","","",
"FBSVE11B","1:17 PM","83.0","-2.00","0.5","0.4","19.6","79.5","6/22/2018","","",
"FRBAHC03","1:19 PM","93.0","0.00","3.0","11.0","13.8","72.2","6/22/2018","","",
"FRBMTC1S","1:22 PM","84.0","-0.50","5.1","5.4","16.3","73.2","6/22/2018","","",
"FRBMTC1N","1:25 PM","83.0","-0.50","5.1","4.9","16.1","73.9","6/22/2018","","",
"FBSVE12A","1:27 PM","84.0","-0.20","0.1","0.3","20.0","79.6","6/22/2018","","",
"FBSVE12B","1:29 PM","85.0","-8.60","58.0","32.7","0.5","8.8","6/22/2018","","",
"FRB8CLC3","1:32 PM","80.0","-4.40","50.8","44.5","0.6","4.1","6/22/2018","","",
"FRB8CLC2","1:35 PM","107.0","-2.00","9.4","56.3","6.7","27.6","6/22/2018","","",
"FRB8CLC1","1:37 PM","74.0","-5.30","55.5","44.4","0.0","0.1","6/22/2018","","",
"FRBAHC02","1:40 PM","78.0","0.00","0.6","0.8","19.6","79.0","6/22/2018","","",
"FRBAHC01","1:43 PM","68.0","0.00","0.3","0.5","19.5","79.7","6/22/2018","","",
"FRB08CB4","1:47 PM","107.0","-1.60","44.6","44.7","0.0","10.7","6/22/2018","","",
"FRB08CB5","1:51 PM","114.0","-1.40","47.1","47.3","0.0","5.6","6/22/2018","","",
"FB5BCC9S","11:37 AM","87.0","-13.30","22.7","18.9","11.6","46.8","7/06/2018","","",
"FRB5BCB8","11:40 AM","93.0","-12.30","14.1","8.5","16.6","60.8","7/06/2018","","",
"FB5BCC8S","11:43 AM","99.0","-12.30","57.9","41.7","0.2","0.2","7/06/2018","","",
"FB5BCC7S","11:48 AM","86.0","-9.70","55.1","38.4","1.4","5.1","7/06/2018","","",
"FB5BCD6S","11:50 AM","110.0","-10.60","57.7","42.2","0.0","0.1","7/06/2018","","",
"FB5BCC6S","11:53 AM","115.0","-5.90","60.2","39.0","0.0","0.8","7/06/2018","","",
"FB5BCD5S","11:56 AM","114.0","-10.80","55.8","39.4","0.0","4.8","7/06/2018","","",
"FRB5BCE5","12:00 PM","116.0","-11.90","52.8","40.7","0.0","6.5","7/06/2018","","",
"FRB5BCE4","12:02 PM","112.0","-12.20","52.0","40.0","0.0","8.0","7/06/2018","","",
"FRB5BCE3","12:05 PM","118.0","-12.10","50.7","39.9","0.0","9.4","7/06/2018","","",
"FRB5BCE2","12:08 PM","113.0","-11.10","50.9","39.6","0.0","9.5","7/06/2018","","",
"FB5BCC5S","12:13 PM","115.0","-9.10","55.7","39.2","0.0","5.1","7/06/2018","","",
"FB5BCA5E","12:15 PM","97.0","-11.70","59.1","37.8","0.2","2.9","7/06/2018","","",
"FB5BCA4E","12:17 PM","95.0","-11.80","60.3","39.6","0.0","0.1","7/06/2018","","",
"FB5BCC4S","12:20 PM","108.0","-10.60","60.2","39.7","0.0","0.1","7/06/2018","","",
"FB5BCD3S","12:23 PM","118.0","-10.80","59.1","40.8","0.0","0.1","7/06/2018","","",
"FRB5BCE1","12:26 PM","114.0","-11.30","57.4","42.5","0.0","0.1","7/06/2018","","",
"FB5BCC3S","12:28 PM","92.0","-11.00","60.2","39.7","0.0","0.1","7/06/2018","","",
"FB5BCD2S","12:32 PM","114.0","-10.90","58.8","40.5","0.0","0.7","7/06/2018","","",
"FB5BCC2S","12:34 PM","95.0","-11.30","61.0","38.9","0.0","0.1","7/06/2018","","",
"FB5BCC1S","12:37 PM","98.0","-9.80","61.0","38.9","0.0","0.1","7/06/2018","","",
"FRBVC103","12:42 PM","105.0","-10.80","55.0","38.2","1.0","5.8","7/06/2018","","",
"FRBVC104","12:44 PM","104.0","-10.70","55.9","41.0","0.5","2.6","7/06/2018","","",
"FRB5DE1S","12:46 PM","108.0","-10.50","29.6","26.3","7.9","36.2","7/06/2018","","",
"FRB007C4","12:53 PM","120.0","-12.90","57.0","42.4","0.0","0.6","7/06/2018","","",
"FRB007C5","12:56 PM","98.0","-19.40","19.8","14.8","11.6","53.8","7/06/2018","","",
"FRB007C6","12:59 PM","107.0","-24.60","51.4","40.1","0.1","8.4","7/06/2018","","",
"FRB07AB4","1:04 PM","102.0","-19.10","20.1","15.2","10.6","54.1","7/06/2018","","",
"FRB07AA5","1:06 PM","106.0","-19.80","55.8","40.5","0.0","3.7","7/06/2018","","",
"FRB00MC3","11:34 AM","80.0","-21.00","0.1","0.5","19.7","79.7","7/09/2018","","",
"FRB00MC4","11:37 AM","87.0","-4.30","3.3","3.3","17.3","76.1","7/09/2018","","",
"FRB00MC5","11:40 AM","86.0","-2.60","2.5","2.2","18.2","77.1","7/09/2018","","",
"FRB00MC6","11:44 AM","84.0","-26.70","49.1","35.9","2.8","12.2","7/09/2018","","",
"FRB00MC6","11:45 AM","84.0","-26.70","49.1","35.9","2.8","12.2","7/09/2018","","",
"FRB0VC72","11:53 AM","88.0","-18.00","7.0","8.7","12.6","71.7","7/09/2018","","",
"FRBVC112","11:55 AM","90.0","-0.20","0.0","0.1","19.6","80.3","7/09/2018","","",
"FRBVC111","11:58 AM","95.0","-0.40","1.8","1.6","18.4","78.2","7/09/2018","","",
"FRBVC110","12:00 PM","95.0","-1.20","7.8","5.8","15.9","70.5","7/09/2018","","",
"FRB0VC71","12:03 PM","86.0","-12.90","25.3","17.6","8.9","48.2","7/09/2018","","",
"FRB0VC71","12:03 PM","86.0","-12.90","25.3","17.6","8.9","48.2","7/09/2018","","",
"FRBVC55R","12:12 PM","97.0","-5.80","38.4","31.0","0.5","30.1","7/09/2018","","",
"FRB00D2W","12:15 PM","109.0","-7.40","57.2","35.1","0.0","7.7","7/09/2018","","",
"FRB00C2W","12:20 PM","102.0","-22.30","57.2","34.3","0.1","8.4","7/09/2018","","",
"FRB00B2W","12:27 PM","114.0","-24.00","60.3","34.7","0.0","5.0","7/09/2018","","",
"FRB00A2W","12:29 PM","113.0","-21.60","61.7","35.8","0.0","2.5","7/09/2018","","",
"FRBVC58R","12:34 PM","102.0","-5.80","61.9","37.6","0.3","0.2","7/09/2018","","",
"FRBVC57R","12:37 PM","103.0","-6.40","63.0","36.8","0.1","0.1","7/09/2018","","",
"FRBVC60R","12:42 PM","116.0","-20.80","60.2","38.6","1.0","0.2","7/09/2018","","",
"FRBVC116","12:44 PM","106.0","-1.20","36.3","18.0","9.2","36.5","7/09/2018","","",
"FRBVC117","12:47 PM","105.0","-0.40","15.3","6.0","14.9","63.8","7/09/2018","","",
"FRBVC118","12:49 PM","107.0","-3.30","57.6","39.4","0.5","2.5","7/09/2018","","",
"FRBVC115","12:55 PM","100.0","-1.60","58.9","35.7","3.8","1.6","7/09/2018","","",
"FRBVC114","12:57 PM","104.0","-1.30","34.6","18.0","8.9","38.5","7/09/2018","","",
"FRBVC113","12:59 PM","106.0","-0.60","9.8","7.9","12.6","69.7","7/09/2018","","",
"FRBVC64R","1:02 PM","102.0","-1.90","58.9","36.9","1.0","3.2","7/09/2018","","",
"FRBVC56R","1:05 PM","102.0","-4.90","56.6","38.9","1.2","3.3","7/09/2018","","",
"FRB07AA1","11:18 AM","97.0","-17.10","49.2","38.3","0.3","12.2","7/10/2018","","",
"FRB07AB1","11:22 AM","82.0","-15.20","57.5","40.3","0.3","1.9","7/10/2018","","",
"FRB07AA2","11:25 AM","96.0","-17.20","54.5","41.2","0.0","4.3","7/10/2018","","",
"FRB0LHC3","11:29 AM","84.0","-1.00","0.0","0.4","20.5","79.1","7/10/2018","","",
"FRB07AB2","11:32 AM","85.0","-15.80","49.4","37.6","2.0","11.0","7/10/2018","","",
"FRB07AA3","11:35 AM","86.0","-18.80","57.6","42.3","0.0","0.1","7/10/2018","","",
"FRB07AB3","11:40 AM","115.0","-18.70","57.8","41.5","0.1","0.6","7/10/2018","","",
"FRB07AA4","11:43 AM","108.0","-19.30","57.3","41.6","0.0","1.1","7/10/2018","","",
"FRB0UHC2","11:45 AM","88.0","-0.10","0.0","0.9","19.6","79.5","7/10/2018","","",
"FRB0LHC2","11:49 AM","84.0","-0.10","0.0","0.2","20.2","79.6","7/10/2018","","",
"FRB07AB5","11:53 AM","114.0","-18.10","55.8","42.4","0.0","1.8","7/10/2018","","",
"FRB07AA6","11:55 AM","95.0","-23.20","57.7","42.2","0.0","0.1","7/10/2018","","",
"FRB07AA7","11:59 AM","105.0","-22.00","42.6","37.2","0.0","20.2","7/10/2018","","",
"FRB0LHC1","12:03 PM","92.0","-26.00","9.5","13.1","9.3","68.1","7/10/2018","","",
"FRB0UHC1","12:05 PM","85.0","-0.10","0.0","15.4","3.4","81.2","7/10/2018","","",
"FBVC105R","12:14 PM","122.0","-10.60","54.1","44.1","0.0","1.8","7/10/2018","","",
"FRBVC126","12:17 PM","104.0","-10.30","54.8","43.4","0.0","1.8","7/10/2018","","",
"FBVC106R","12:21 PM","108.0","-14.70","54.6","44.1","0.0","1.3","7/10/2018","","",
"FRB05DF1","12:23 PM","104.0","-15.00","47.1","38.0","2.1","12.8","7/10/2018","","",
"FRBVC107","12:26 PM","97.0","-15.40","54.0","43.5","0.1","2.4","7/10/2018","","",
"FRBVC108","12:29 PM","85.0","-16.10","51.4","41.0","0.8","6.8","7/10/2018","","",
"FRB05DF2","12:31 PM","89.0","-16.90","55.9","43.0","0.0","1.1","7/10/2018","","",
"FBVC109R","12:35 PM","86.0","-18.20","42.2","34.3","4.0","19.5","7/10/2018","","",
"FRB05DF3","12:39 PM","90.0","-17.90","55.6","40.8","0.1","3.5","7/10/2018","","",
"FRB05DF4","12:43 PM","94.0","-20.00","56.6","42.0","0.0","1.4","7/10/2018","","",
"FRB5DE6S","12:49 PM","94.0","-17.50","53.2","40.0","0.9","5.9","7/10/2018","","",
"FRB5DE7S","12:52 PM","93.0","-17.50","54.5","40.2","0.5","4.8","7/10/2018","","",
"FRB05DG4","12:57 PM","117.0","-2.50","53.0","44.0","0.0","3.0","7/10/2018","","",
"FRBVC137","1:01 PM","129.0","-12.50","55.9","43.0","0.0","1.1","7/10/2018","","",
"FRB00MC2","11:29 AM","88.0","-21.60","36.7","27.4","5.5","30.4","7/16/2018","","",
"FRB00MC7","11:32 AM","90.0","-21.40","57.1","35.9","0.9","6.1","7/16/2018","","",
"FRB00MC8","11:34 AM","93.0","-21.40","59.6","37.9","0.6","1.9","7/16/2018","","",
"FRBSVE13","11:45 AM","87.0","-17.40","0.7","2.0","18.9","78.4","7/16/2018","","",
"FRBSVE14","11:49 AM","92.0","-20.60","0.0","1.6","18.7","79.7","7/16/2018","","",
"FRBSVE15","11:52 AM","92.0","-15.70","0.0","0.3","20.1","79.6","7/16/2018","","",
"FRBSVE16","11:58 AM","97.0","-20.60","48.8","35.3","0.6","15.3","7/16/2018","","",
"FRBSVE17","12:03 PM","94.0","-18.90","33.0","30.3","2.2","34.5","7/16/2018","","",
"FRB00MC1","12:05 PM","88.0","-18.80","44.3","32.9","2.1","20.7","7/16/2018","","",
"FRBVC215","12:10 PM","86.0","-16.90","14.9","22.0","1.8","61.3","7/16/2018","","",
"FRB5DE5S","12:19 PM","94.0","-21.30","0.3","0.4","19.5","79.8","7/16/2018","","",
"FRB05DG3","12:25 PM","114.0","-2.10","55.1","44.7","0.0","0.2","7/16/2018","","",
"FRB05DG2","12:29 PM","117.0","-7.40","55.3","44.6","0.0","0.1","7/16/2018","","",
"FRB05DG1","12:39 PM","115.0","-6.80","57.4","42.4","0.0","0.2","7/16/2018","","",
"FRBVC209","4:34 PM","117.0","-13.00","44.6","36.7","0.0","18.7","7/16/2018","","",
"FRBVC208","4:38 PM","110.0","-4.30","15.7","24.4","0.0","59.9","7/16/2018","","",
"FRBVC207","4:42 PM","113.0","-7.90","24.9","29.1","0.0","46.0","7/16/2018","","",
"FRBVC184","4:46 PM","102.0","-0.70","27.3","31.8","0.0","40.9","7/16/2018","","",
"FRBVC185","4:50 PM","119.0","-1.30","41.9","37.3","0.0","20.8","7/16/2018","","",
"FRBVC186","4:54 PM","113.0","-1.40","53.1","36.0","1.5","9.4","7/16/2018","","",
"FRBVC187","4:58 PM","106.0","-1.40","62.1","37.8","0.0","0.1","7/16/2018","","",
"FRB07BB4","5:04 PM","105.0","-16.30","51.7","35.8","0.8","11.7","7/16/2018","","",
"FRB07BA4","5:06 PM","113.0","-14.60","53.0","36.6","0.6","9.8","7/16/2018","","",
"FRBVC103","12:17 PM","70.0","-0.30","58.6","40.3","0.4","0.7","8/02/2018","","",
"FRBVC104","12:20 PM","70.0","0.00","56.9","40.1","0.3","2.7","8/02/2018","","",
"FRB5DE1S","12:26 PM","79.0","0.00","57.5","39.6","0.5","2.4","8/02/2018","","",
"FBVC105R","12:29 PM","75.0","0.00","56.4","40.0","0.2","3.4","8/02/2018","","",
"FBVC106R","12:32 PM","72.0","0.20","56.4","39.1","0.3","4.2","8/02/2018","","",
"FRB05DF1","12:36 PM","75.0","0.10","58.9","40.9","0.0","0.2","8/02/2018","","",
"FRBVC107","12:39 PM","78.0","0.10","59.3","39.5","0.4","0.8","8/02/2018","","",
"FRBVC108","12:41 PM","78.0","0.00","57.8","41.1","0.2","0.9","8/02/2018","","",
"FRB05DF2","12:45 PM","76.0","0.10","57.2","42.6","0.0","0.2","8/02/2018","","",
"FRB00MC2","11:05 AM","86.0","-23.30","30.9","18.9","8.8","41.4","8/09/2018","","",
"FRB00MC7","11:08 AM","85.0","-24.40","59.4","31.0","1.7","7.9","8/09/2018","","",
"FRB00MC8","11:10 AM","87.0","-24.60","62.7","34.4","0.8","2.1","8/09/2018","","",
"FB5BCC8S","11:25 AM","104.0","-24.00","49.0","40.1","0.3","10.6","8/09/2018","","",
"FB5BCC7S","11:33 AM","87.0","-23.00","40.0","35.5","0.6","23.9","8/09/2018","","",
"FB5BCD6S","11:36 AM","108.0","-23.90","56.9","43.0","0.0","0.1","8/09/2018","","",
"FB5BCC6S","11:39 AM","114.0","-16.90","49.5","36.5","1.5","12.5","8/09/2018","","",
"FB5BCD5S","11:42 AM","114.0","-22.60","57.9","42.0","0.0","0.1","8/09/2018","","",
"FRB5BCE5","11:45 AM","105.0","-23.90","56.7","43.2","0.0","0.1","8/09/2018","","",
"FRB5BCE4","11:47 AM","103.0","-23.60","57.1","42.8","0.0","0.1","8/09/2018","","",
"FRB5BCE3","11:50 AM","109.0","-23.20","56.7","43.1","0.0","0.2","8/09/2018","","",
"FRB5BCE2","11:52 AM","111.0","-22.40","57.2","42.7","0.0","0.1","8/09/2018","","",
"FB5BCC5S","11:56 AM","113.0","-20.10","57.6","40.2","0.0","2.2","8/09/2018","","",
"FB5BCA5E","11:58 AM","98.0","-24.10","60.1","39.5","0.2","0.2","8/09/2018","","",
"FB5BCA4E","12:00 PM","96.0","-23.70","59.6","40.2","0.1","0.1","8/09/2018","","",
"FB5BCC4S","12:03 PM","109.0","-22.00","56.1","39.5","0.0","4.4","8/09/2018","","",
"FB5BCD3S","12:06 PM","112.0","-24.30","58.3","41.2","0.0","0.5","8/09/2018","","",
"FB5BCC3S","12:09 PM","94.0","-24.40","59.5","39.7","0.0","0.8","8/09/2018","","",
"FRB5BCE1","12:11 PM","113.0","-24.00","57.1","42.6","0.0","0.3","8/09/2018","","",
"FB5BCD2S","12:14 PM","115.0","-23.60","56.3","41.0","0.0","2.7","8/09/2018","","",
"FB5BCC2S","12:17 PM","100.0","-24.00","60.9","39.0","0.0","0.1","8/09/2018","","",
"FB5BCC1S","12:19 PM","100.0","-22.90","60.5","39.4","0.0","0.1","8/09/2018","","",
"FRB00MC1","12:22 PM","92.0","-22.60","45.5","31.5","3.6","19.4","8/09/2018","","",
"FRBVC215","12:26 PM","122.0","-8.80","3.5","11.2","7.4","77.9","8/09/2018","","",
"FRBVC103","12:30 PM","106.0","-18.60","55.3","40.0","0.7","4.0","8/09/2018","","",
"FRBVC104","12:32 PM","100.0","-18.10","51.6","39.7","1.3","7.4","8/09/2018","","",
"FBVC105R","12:36 PM","122.0","-17.80","54.4","43.6","0.0","2.0","8/09/2018","","",
"FRBVC126","12:39 PM","122.0","-16.30","55.4","42.9","0.0","1.7","8/09/2018","","",
"FBVC106R","12:42 PM","110.0","-21.70","54.9","43.8","0.0","1.3","8/09/2018","","",
"FRB05DF1","12:44 PM","102.0","-24.50","45.9","39.8","1.1","13.2","8/09/2018","","",
"FRBVC107","12:47 PM","100.0","-23.40","55.0","44.1","0.0","0.9","8/09/2018","","",
"FRBVC108","12:51 PM","96.0","-24.40","46.5","40.3","0.8","12.4","8/09/2018","","",
"FRB05DF2","12:53 PM","98.0","-23.40","55.4","43.3","0.0","1.3","8/09/2018","","",
"FBVC109R","12:57 PM","96.0","-23.30","30.4","25.3","7.6","36.7","8/09/2018","","",
"FRB05DF3","1:00 PM","98.0","-24.20","56.0","42.1","0.1","1.8","8/09/2018","","",
"FRB05DF4","1:03 PM","99.0","-24.10","55.3","41.5","0.4","2.8","8/09/2018","","",
"FRB5DE5S","1:06 PM","96.0","-24.00","0.0","0.1","18.7","81.2","8/09/2018","","",
"FRB5DE6S","1:08 PM","103.0","-23.90","55.3","42.0","0.3","2.4","8/09/2018","","",
"FRB07AA1","12:36 PM","83.0","-3.70","47.1","52.4","0.2","0.3","8/10/2018","","",
"FRB07AB1","12:38 PM","84.0","-0.50","47.5","52.3","0.1","0.1","8/10/2018","","",
"FRB07AA2","12:49 PM","97.0","-0.30","15.7","84.1","0.0","0.2","8/10/2018","","",
"FRB07AB2","1:09 PM","113.0","-0.10","22.4","77.5","0.0","0.1","8/10/2018","","",
"FRB07AA3","1:24 PM","110.0","-0.10","47.8","51.7","0.0","0.5","8/10/2018","","",
"FRB07AB3","1:27 PM","108.0","0.00","50.5","49.1","0.0","0.4","8/10/2018","","",
"FRB07AA4","1:37 PM","114.0","-0.10","29.5","70.4","0.0","0.1","8/10/2018","","",
"FRB07AB4","1:40 PM","111.0","0.00","34.6","61.3","0.9","3.2","8/10/2018","","",
"FBSVE11A","9:26 AM","88.0","-1.70","0.0","0.2","21.3","78.5","8/13/2018","","",
"FBSVE11B","9:29 AM","86.0","-21.50","2.5","2.8","17.7","77.0","8/13/2018","","",
"FRBMTC1S","9:32 AM","94.0","-0.50","2.5","3.5","18.4","75.6","8/13/2018","","",
"FRBMTC1N","9:35 AM","95.0","-0.50","5.6","6.3","15.3","72.8","8/13/2018","","",
"FBSVE12A","9:39 AM","93.0","-1.80","1.0","7.5","7.7","83.8","8/13/2018","","",
"FBSVE12B","9:41 AM","92.0","-23.80","49.2","29.5","0.8","20.5","8/13/2018","","",
"FRB8CLC3","9:46 AM","80.0","-9.70","48.2","36.3","2.8","12.7","8/13/2018","","",
"FRB8CLC2","9:50 AM","78.0","-10.50","43.0","45.9","2.3","8.8","8/13/2018","","",
"FRB8CLC1","9:53 AM","76.0","-12.70","51.4","47.2","0.2","1.2","8/13/2018","","",
"FRBAHC03","9:56 AM","94.0","0.00","0.4","0.9","20.1","78.6","8/13/2018","","",
"FRBAHC02","10:01 AM","86.0","0.00","0.1","0.1","20.4","79.4","8/13/2018","","",
"FRB08CA3","10:03 AM","106.0","-2.90","52.2","47.6","0.0","0.2","8/13/2018","","",
"FRB8CA2N","10:06 AM","105.0","-11.00","50.7","40.8","0.2","8.3","8/13/2018","","",
"FRB8CA1N","10:09 AM","110.0","-17.40","57.5","41.6","0.0","0.9","8/13/2018","","",
"FRBAHC01","10:12 AM","76.0","0.00","0.3","0.7","19.6","79.4","8/13/2018","","",
"FRB08CB1","10:17 AM","96.0","-0.20","32.9","65.1","0.0","2.0","8/13/2018","","",
"FRB08CB2","10:21 AM","96.0","0.00","51.4","48.3","0.1","0.2","8/13/2018","","",
"FRBVC193","10:24 AM","104.0","-0.10","27.3","67.9","0.0","4.8","8/13/2018","","",
"FRB08CB3","10:29 AM","114.0","-0.30","52.9","47.0","0.0","0.1","8/13/2018","","",
"FRB8CA1S","10:34 AM","112.0","-14.50","12.2","22.5","0.2","65.1","8/13/2018","","",
"FRB8CA2S","10:36 AM","102.0","-8.80","20.9","26.1","0.0","53.0","8/13/2018","","",
"FRBSVE17","10:40 AM","98.0","-22.50","35.8","26.7","3.9","33.6","8/13/2018","","",
"FRBSVE16","10:43 AM","104.0","-24.00","58.0","37.6","0.5","3.9","8/13/2018","","",
"FRBSVE15","10:48 AM","97.0","-15.20","0.1","0.3","19.0","80.6","8/13/2018","","",
"FRBSVE14","10:50 AM","96.0","-13.10","0.5","1.0","18.3","80.2","8/13/2018","","",
"FRBSVE13","10:52 AM","92.0","-17.80","2.2","1.8","18.1","77.9","8/13/2018","","",
"FRBVC172","1:20 PM","115.0","-14.20","42.9","34.8","0.2","22.1","8/13/2018","","",
"FRBVC171","1:23 PM","113.0","-21.30","58.7","41.0","0.1","0.2","8/13/2018","","",
"FRBVC170","1:25 PM","106.0","-23.70","58.1","41.7","0.1","0.1","8/13/2018","","",
"FRBVC155","1:30 PM","105.0","-5.70","45.2","35.0","0.1","19.7","8/13/2018","","",
"FRBVC156","1:34 PM","119.0","-1.50","50.9","38.1","0.0","11.0","8/13/2018","","",
"FRBVC176","1:39 PM","115.0","-9.90","40.0","35.1","0.5","24.4","8/13/2018","","",
"FRBVC175","1:43 PM","107.0","-6.10","43.5","36.0","1.4","19.1","8/13/2018","","",
"FRBVC174","1:48 PM","116.0","-3.80","55.7","44.2","0.0","0.1","8/13/2018","","",
"FRBVC202","1:52 PM","127.0","-15.90","56.7","43.2","0.0","0.1","8/13/2018","","",
"FRBVC203","1:55 PM","127.0","-16.70","56.8","43.1","0.0","0.1","8/13/2018","","",
"FRB05DG1","9:11 AM","114.0","-9.70","33.6","35.6","0.1","30.7","8/14/2018","","",
"FRB05DG2","9:19 AM","117.0","-8.50","36.6","39.2","0.1","24.1","8/14/2018","","",
"FRB05DG3","9:23 AM","116.0","-4.30","37.3","39.2","0.0","23.5","8/14/2018","","",
"FRB05DG4","9:27 AM","117.0","-3.60","48.9","42.9","0.0","8.2","8/14/2018","","",
"FRBVC136","9:32 AM","126.0","-12.30","57.0","42.8","0.1","0.1","8/14/2018","","",
"FRBVC137","9:37 AM","129.0","-14.00","55.0","44.8","0.0","0.2","8/14/2018","","",
"FRBVC178","9:42 AM","113.0","-8.20","54.9","45.0","0.0","0.1","8/14/2018","","",
"FRBVC177","9:48 AM","125.0","-6.00","55.0","44.4","0.5","0.1","8/14/2018","","",
"FRB05DG5","9:51 AM","117.0","-3.20","54.3","45.6","0.0","0.1","8/14/2018","","",
"FRB05DG6","9:55 AM","113.0","-6.30","52.8","42.7","0.0","4.5","8/14/2018","","",
"FRBVC139","10:01 AM","120.0","-14.80","53.3","45.4","1.1","0.2","8/14/2018","","",
"FRBVC140","10:09 AM","122.0","-16.00","54.3","42.2","0.0","3.5","8/14/2018","","",
"FRBVC141","10:14 AM","115.0","-15.50","42.6","37.3","0.1","20.0","8/14/2018","","",
"FRBVC142","10:17 AM","94.0","-15.10","20.6","19.4","11.1","48.9","8/14/2018","","",
"FRB5BCF5","10:20 AM","120.0","-15.00","52.3","42.9","0.1","4.7","8/14/2018","","",
"FRBVC150","10:23 AM","124.0","-15.90","58.6","41.3","0.0","0.1","8/14/2018","","",
"FRBVC151","10:28 AM","112.0","-23.00","59.0","40.8","0.1","0.1","8/14/2018","","",
"FRBVC147","10:30 AM","116.0","-21.50","48.4","39.1","0.0","12.5","8/14/2018","","",
"FRBVC157","10:35 AM","114.0","-12.60","34.3","33.0","0.0","32.7","8/14/2018","","",
"FRB5BCF4","10:41 AM","124.0","-16.50","55.4","44.4","0.1","0.1","8/14/2018","","",
"FRB5BCF3","10:44 AM","122.0","-17.70","55.6","44.2","0.0","0.2","8/14/2018","","",
"FRBVC158","10:47 AM","108.0","-10.20","33.7","32.8","0.0","33.5","8/14/2018","","",
"FRB5BCF2","10:50 AM","124.0","-8.90","55.0","44.0","0.0","1.0","8/14/2018","","",
"FRB5BCF1","10:52 AM","113.0","-10.50","55.9","43.8","0.0","0.3","8/14/2018","","",
"FRBVC148","10:55 AM","119.0","-22.40","57.0","41.4","0.1","1.5","8/14/2018","","",
"FRBVC210","11:00 AM","115.0","-18.50","46.4","39.1","0.0","14.5","8/14/2018","","",
"FRBVC152","11:04 AM","105.0","-19.90","30.1","30.2","0.0","39.7","8/14/2018","","",
"FRBVC146","2:17 PM","120.0","-16.90","57.9","42.0","0.0","0.1","8/14/2018","","",
"FRBVC145","2:21 PM","118.0","-11.30","48.7","40.0","0.0","11.3","8/14/2018","","",
"FRB5BCF6","2:24 PM","119.0","-9.90","54.5","43.6","0.2","1.7","8/14/2018","","",
"FRBVC162","2:29 PM","125.0","-1.00","0.4","14.5","4.0","81.1","8/14/2018","","",
"FRBVC163","2:33 PM","105.0","-3.10","1.4","11.4","4.0","83.2","8/14/2018","","",
"FRBVC149","2:36 PM","98.0","-3.90","2.9","16.6","1.1","79.4","8/14/2018","","",
"FRBVC164","2:41 PM","98.0","-2.50","33.9","30.7","2.9","32.5","8/14/2018","","",
"FRBVC165","2:45 PM","101.0","-6.10","21.1","24.1","2.3","52.5","8/14/2018","","",
"FRBVC159","2:50 PM","105.0","-6.50","15.3","22.7","0.3","61.7","8/14/2018","","",
"FRBVC167","2:55 PM","110.0","-12.30","22.5","26.5","0.0","51.0","8/14/2018","","",
"FRBVC166","2:59 PM","107.0","-0.80","1.5","10.3","8.6","79.6","8/14/2018","","",
"FRBVC160","3:06 PM","114.0","-1.60","5.9","20.7","0.0","73.4","8/14/2018","","",
"FRBVC169","3:09 PM","118.0","-0.70","2.4","19.2","0.7","77.7","8/14/2018","","",
"FRBVC161","3:13 PM","116.0","-0.10","36.6","33.8","0.0","29.6","8/14/2018","","",
"FRB08CB4","3:18 PM","108.0","-0.20","53.5","46.4","0.0","0.1","8/14/2018","","",
"FRBVC134","7:43 AM","126.0","-4.70","56.4","43.4","0.1","0.1","8/15/2018","","",
"FRBVC135","7:49 AM","129.0","-0.60","56.4","43.2","0.0","0.4","8/15/2018","","",
"FRBVC215","7:57 AM","124.0","-7.30","8.5","17.8","3.5","70.2","8/15/2018","","",
"FRB08CB5","8:01 AM","113.0","-0.40","50.1","49.8","0.0","0.1","8/15/2018","","",
"FRBVC168","8:05 AM","117.0","-5.20","34.9","35.9","0.0","29.2","8/15/2018","","",
"FRB08CB6","8:09 AM","117.0","-2.70","28.8","41.6","0.0","29.6","8/15/2018","","",
"FBVC154S","8:12 AM","112.0","-3.70","23.3","33.0","0.0","43.7","8/15/2018","","",
"FBVC154D","8:14 AM","114.0","-20.90","54.0","41.6","0.0","4.4","8/15/2018","","",
"FRBVC153","8:19 AM","118.0","-19.20","50.8","41.5","0.0","7.7","8/15/2018","","",
"FRBVC144","8:22 AM","85.0","-19.00","41.9","36.1","3.4","18.6","8/15/2018","","",
"FRBVC173","8:25 AM","112.0","-8.80","43.1","40.9","0.0","16.0","8/15/2018","","",
"FRBVC211","8:31 AM","124.0","-15.10","57.5","42.4","0.0","0.1","8/15/2018","","",
"FRBVC212","8:35 AM","118.0","-20.70","57.7","42.1","0.0","0.2","8/15/2018","","",
"FRBVC190","8:39 AM","114.0","-0.70","51.3","46.5","0.0","2.2","8/15/2018","","",
"FRBVC191","8:43 AM","104.0","-0.30","33.7","64.5","0.0","1.8","8/15/2018","","",
"FRBVC192","8:46 AM","96.0","-0.80","25.6","66.6","0.0","7.8","8/15/2018","","",
"FRB00MC6","11:08 AM","84.0","-29.60","36.4","40.3","1.0","22.3","8/17/2018","","",
"FRBSVE2A","12:46 PM","73.0","-0.60","0.0","1.2","20.8","78.0","8/17/2018","","",
"FRBSVE2B","12:50 PM","74.0","-3.00","14.1","13.4","8.7","63.8","8/17/2018","","",
"FRBSVE2B","12:51 PM","74.0","-3.00","14.1","13.4","8.7","63.8","8/17/2018","","",
"FRBSVE3A","12:56 PM","74.0","-0.20","0.0","0.7","20.8","78.5","8/17/2018","","",
"FRBSVE3B","12:59 PM","78.0","-2.60","21.4","17.0","8.1","53.5","8/17/2018","","",
"FRBSVE4A","1:04 PM","77.0","-0.50","0.2","1.3","19.8","78.7","8/17/2018","","",
"FRBSVE4B","1:06 PM","78.0","-11.50","24.4","17.5","6.2","51.9","8/17/2018","","",
"FRBSVE5A","1:11 PM","76.0","-2.70","1.6","8.3","9.6","80.5","8/17/2018","","",
"FRBSVE5B","1:13 PM","72.0","-26.10","50.5","35.8","0.1","13.6","8/17/2018","","",
"FRBSVE6A","1:16 PM","72.0","-1.10","1.1","8.3","9.1","81.5","8/17/2018","","",
"FRBSVE6B","1:18 PM","71.0","-25.90","47.0","31.7","0.7","20.6","8/17/2018","","",
"FRBSVE7A","1:20 PM","74.0","-25.70","50.6","34.2","0.3","14.9","8/17/2018","","",
"FRBSVE7A","1:20 PM","74.0","-25.70","50.6","34.2","0.3","14.9","8/17/2018","","",
"FRBSVE7B","1:22 PM","72.0","-1.00","15.0","17.7","3.9","63.4","8/17/2018","","",
"FRBSVE8A","1:28 PM","85.0","-21.80","32.1","28.9","0.0","39.0","8/17/2018","","",
"FRBSVE8B","1:31 PM","90.0","-26.00","56.2","36.8","0.0","7.0","8/17/2018","","",
"FRBSVE8B","1:31 PM","90.0","-26.00","56.2","36.8","0.0","7.0","8/17/2018","","",
"FRBSVE9A","1:35 PM","87.0","-20.70","25.8","26.0","0.0","48.2","8/17/2018","","",
"FRBSVE9B","1:37 PM","90.0","-26.00","60.3","37.3","0.3","2.1","8/17/2018","","",
"FBSVE10A","1:40 PM","78.0","-21.40","26.7","24.9","0.0","48.4","8/17/2018","","",
"FBSVE10B","1:42 PM","88.0","-26.10","62.0","36.1","0.3","1.6","8/17/2018","","",
"FRB07AA7","11:44 AM","109.0","-16.20","58.2","41.5","0.2","0.1","9/06/2018","","",
"FRB07AA6","11:50 AM","124.0","-21.80","56.9","42.8","0.1","0.2","9/06/2018","","",
"FRB07AA5","11:57 AM","89.0","-23.20","57.9","41.7","0.2","0.2","9/06/2018","","",
"FRB07BB4","12:34 PM","87.0","-24.60","47.1","36.5","3.3","13.1","9/06/2018","","",
"FRB07BA4","12:39 PM","95.0","-2.60","50.2","38.0","2.7","9.1","9/06/2018","","",
"FRBVC187","12:45 PM","110.0","-4.20","58.4","41.5","0.0","0.1","9/06/2018","","",
"FRBVC186","12:52 PM","116.0","-3.60","50.2","36.4","2.7","10.7","9/06/2018","","",
"FRBVC185","12:57 PM","118.0","-1.00","57.4","42.5","0.0","0.1","9/06/2018","","",
"FRBVC184","1:05 PM","111.0","-1.90","58.4","41.0","0.0","0.6","9/06/2018","","",
"FRBVC207","1:15 PM","76.0","-0.30","57.4","40.5","0.0","2.1","9/06/2018","","",
"FRBVC208","1:21 PM","80.0","-0.20","49.6","37.0","0.0","13.4","9/06/2018","","",
"FRBVC209","1:28 PM","78.0","-7.70","42.7","36.4","0.0","20.9","9/06/2018","","",
"FRBVC188","3:15 PM","122.0","-3.00","56.4","43.3","0.2","0.1","9/06/2018","","",
"FRBVC189","3:23 PM","130.0","-3.30","56.7","43.2","0.0","0.1","9/06/2018","","",
"FRB7BC6W","3:31 PM","115.0","-12.10","58.2","41.7","0.0","0.1","9/06/2018","","",
"FRB7BC5W","3:35 PM","120.0","-14.70","57.9","42.0","0.0","0.1","9/06/2018","","",
"FRB7BC4W","3:39 PM","122.0","-15.80","57.5","42.4","0.0","0.1","9/06/2018","","",
"FRB07BD1","3:49 PM","106.0","-9.70","56.2","43.4","0.0","0.4","9/06/2018","","",
"FRB07BD2","4:08 PM","80.0","-4.30","56.4","42.7","0.0","0.9","9/06/2018","","",
"FRBVC138","11:22 AM","124.0","-8.20","56.7","42.0","0.2","1.1","9/07/2018","","",
"FRB007D1","11:31 AM","122.0","-11.10","51.9","40.6","0.3","7.2","9/07/2018","","",
"FRB007D2","11:37 AM","125.0","-22.30","55.0","42.8","0.3","1.9","9/07/2018","","",
"FRB007D3","11:42 AM","122.0","-21.30","55.4","42.5","0.3","1.8","9/07/2018","","",
"FRBVC204","11:48 AM","88.0","-14.00","53.5","41.4","0.2","4.9","9/07/2018","","",
"FRB007D4","11:56 AM","120.0","-22.40","54.0","42.7","0.3","3.0","9/07/2018","","",
"FRB5DE6W","12:05 PM","120.0","-22.20","56.3","42.4","0.0","1.3","9/07/2018","","",
"FRBVC205","12:16 PM","120.0","-5.10","50.3","40.1","0.0","9.6","9/07/2018","","",
"FRB5DE7W","12:23 PM","125.0","-11.00","56.0","42.7","0.1","1.2","9/07/2018","","",
"FRBVC206","12:29 PM","84.0","-2.80","50.0","41.4","0.0","8.6","9/07/2018","","",
"FRBVC213","12:49 PM","92.0","-2.60","55.4","42.3","0.0","2.3","9/07/2018","","",
"FRB07BD2","12:56 PM","116.0","-7.50","54.6","43.7","0.0","1.7","9/07/2018","","",
"FRB07BE3","1:03 PM","92.0","-9.00","42.4","36.5","3.2","17.9","9/07/2018","","",
"FRBVC122","1:09 PM","96.0","-7.20","28.1","23.5","9.6","38.8","9/07/2018","","",
"FRBVC121","1:34 PM","78.0","-11.50","9.8","8.4","16.4","65.4","9/07/2018","","",
"FRB07BE2","1:44 PM","88.0","-8.40","52.8","43.7","0.2","3.3","9/07/2018","","",
"FRB07BD3","1:51 PM","124.0","-2.80","56.5","42.0","0.1","1.4","9/07/2018","","",
"FRBVC214","1:54 PM","78.0","-1.30","56.0","42.6","0.0","1.4","9/10/2018","","",
"FRB7BC2W","2:05 PM","92.0","-12.60","56.2","42.2","0.2","1.4","9/10/2018","","",
"FRB7BC1W","2:10 PM","96.0","-10.60","56.5","43.2","0.1","0.2","9/10/2018","","",
"FRBVC123","2:13 PM","100.0","-4.70","57.0","42.3","0.1","0.6","9/10/2018","","",
"FRB07BE1","2:22 PM","94.0","0.00","43.3","40.1","0.6","16.0","9/10/2018","","",
"FB5BCF2N","2:36 PM","94.0","-7.40","14.6","23.3","1.8","60.3","9/10/2018","","",
"FRBVC195","2:45 PM","90.0","-4.40","43.5","39.3","2.4","14.8","9/10/2018","","",
"FRBVC194","2:52 PM","100.0","-0.80","54.2","43.4","0.3","2.1","9/10/2018","","",
"FRBVC196","3:04 PM","90.0","-6.00","46.7","45.1","0.1","8.1","9/10/2018","","",
"FRBVC197","3:12 PM","90.0","-4.60","52.5","45.3","0.0","2.2","9/10/2018","","",
"FRBVC198","3:19 PM","94.0","-2.60","46.8","48.3","0.1","4.8","9/10/2018","","",
"FRB08BC3","3:27 PM","80.0","0.10","29.4","70.5","0.0","0.1","9/10/2018","","",
"FRB08BC2","3:36 PM","84.0","-0.20","17.1","82.8","0.0","0.1","9/10/2018","","",
"FRBVC199","3:46 PM","82.0","-1.40","42.3","50.9","0.1","6.7","9/10/2018","","",
"FRBVC155","11:36 AM","105.0","-3.10","50.3","38.3","0.1","11.3","9/11/2018","","",
"FRBVC162","11:45 AM","84.0","-1.30","1.0","17.1","2.3","79.6","9/11/2018","","",
"FRBVC163","12:12 PM","86.0","-5.80","2.3","17.6","0.6","79.5","9/11/2018","","",
"FRBVC149","12:19 PM","100.0","-5.40","14.5","20.9","2.4","62.2","9/11/2018","","",
"FRBVC164","12:27 PM","79.0","-2.00","43.9","37.2","0.8","18.1","9/11/2018","","",
"FRBVC165","12:33 PM","80.0","-3.20","30.1","26.8","4.2","38.9","9/11/2018","","",
"FRBVC159","12:40 PM","75.0","-5.70","25.6","27.3","0.4","46.7","9/11/2018","","",
"FRBVC167","12:50 PM","82.0","-4.70","9.3","20.6","0.1","70.0","9/11/2018","","",
"FRBVC166","1:00 PM","100.0","-1.00","15.7","22.7","2.5","59.1","9/11/2018","","",
"FRBVC160","1:13 PM","85.0","-2.90","12.8","23.8","0.4","63.0","9/11/2018","","",
"FRBVC169","1:22 PM","85.0","-2.20","11.3","22.3","1.2","65.2","9/11/2018","","",
"FRBVC161","1:29 PM","90.0","-0.80","7.1","19.8","1.7","71.4","9/11/2018","","",
"FRB08CB4","1:38 PM","110.0","-1.30","41.1","42.8","1.6","14.5","9/11/2018","","",
"FRBVC192","1:48 PM","85.0","-1.70","31.7","60.4","0.6","7.3","9/11/2018","","",
"FRB08CB3","1:57 PM","110.0","-1.90","41.9","41.9","2.5","13.7","9/11/2018","","",
"FRB08CB5","2:08 PM","114.0","-2.10","35.8","33.3","4.8","26.1","9/11/2018","","",
"FRBVC152","2:16 PM","84.0","-11.50","25.2","20.6","4.9","49.3","9/11/2018","","",
"FRB00MC8","2:26 PM","102.0","-22.80","55.3","38.0","0.5","6.2","9/11/2018","","",
"FRB00MC2","2:29 PM","88.0","-23.30","11.2","10.1","14.5","64.2","9/11/2018","","",
"FRB00MC7","2:32 PM","99.0","-22.50","49.9","34.1","1.2","14.8","9/11/2018","","",
"FB5BCC8S","2:38 PM","105.0","-22.30","52.3","39.1","0.3","8.3","9/11/2018","","",
"FB5BCC7S","2:44 PM","92.0","-18.00","44.1","36.0","0.2","19.7","9/11/2018","","",
"FB5BCD6S","2:52 PM","110.0","-22.20","55.2","41.7","0.0","3.1","9/11/2018","","",
"FB5BCC6S","2:58 PM","112.0","-14.70","43.8","32.1","3.0","21.1","9/11/2018","","",
"FRB5BCE5","3:06 PM","118.0","-6.70","51.0","40.4","0.2","8.4","9/11/2018","","",
"FRB5BCE4","3:15 PM","120.0","-8.80","55.5","41.7","0.1","2.7","9/11/2018","","",
"FRB5BCE3","3:21 PM","122.0","-7.30","55.5","41.5","0.1","2.9","9/11/2018","","",
"FRB5BCE2","3:29 PM","122.0","-1.40","54.9","41.3","0.0","3.8","9/11/2018","","",
"FB5BCD5S","11:09 AM","114.0","-23.10","57.4","41.7","0.5","0.4","9/12/2018","","",
"FRBSVE13","11:16 AM","60.0","-23.90","1.7","1.5","19.8","77.0","9/12/2018","","",
"FRBSVE14","11:22 AM","60.0","-21.20","0.0","1.4","18.7","79.9","9/12/2018","","",
"FB5BCC5S","11:26 AM","115.0","-20.00","57.7","40.6","0.0","1.7","9/12/2018","","",
"FB5BCA5E","11:31 AM","98.0","-23.60","59.3","40.3","0.3","0.1","9/12/2018","","",
"FB5BCA4E","11:35 AM","95.0","-23.50","58.6","41.1","0.1","0.2","9/12/2018","","",
"FRBSVE15","11:39 AM","60.0","-2.00","0.1","0.7","20.3","78.9","9/12/2018","","",
"FB5BCC4S","11:44 AM","110.0","-22.00","56.5","39.5","0.2","3.8","9/12/2018","","",
"FRB5BCE1","11:49 AM","110.0","-23.40","56.3","43.1","0.4","0.2","9/12/2018","","",
"FB5BCC3S","11:56 AM","90.0","-23.50","59.3","40.2","0.0","0.5","9/12/2018","","",
"FB5BCD2S","12:02 PM","122.0","-22.80","54.3","40.2","0.2","5.3","9/12/2018","","",
"FB5BCC2S","12:07 PM","100.0","-23.50","60.1","39.5","0.1","0.3","9/12/2018","","",
"FRBSVE16","12:12 PM","75.0","-23.80","56.1","38.6","0.5","4.8","9/12/2018","","",
"FB5BCC1S","12:16 PM","100.0","-20.10","60.0","39.8","0.0","0.2","9/12/2018","","",
"FRB00MC1","12:23 PM","92.0","-23.20","47.7","33.2","3.1","16.0","9/12/2018","","",
"FRB8CA1S","12:29 PM","108.0","-11.30","13.2","23.0","0.3","63.5","9/12/2018","","",
"FRB8CA2S","12:32 PM","90.0","-8.30","23.7","28.6","0.5","47.2","9/12/2018","","",
"FRBSVE17","12:39 PM","80.0","-10.30","39.4","30.1","3.0","27.5","9/12/2018","","",
"FRBVC193","12:59 PM","84.0","-0.20","28.8","71.1","0.0","0.1","9/12/2018","","",
"FRB08CB2","1:05 PM","96.0","-0.50","51.7","48.1","0.0","0.2","9/12/2018","","",
"FRBAHC01","1:11 PM","96.0","0.00","0.0","0.2","20.5","79.3","9/12/2018","","",
"FRB08CB1","1:19 PM","94.0","-0.50","48.4","51.4","0.0","0.2","9/12/2018","","",
"FRB8CA1N","1:24 PM","110.0","-21.10","51.6","40.8","0.1","7.5","9/12/2018","","",
"FRB8CA2N","1:28 PM","105.0","-9.70","37.8","32.2","4.5","25.5","9/12/2018","","",
"FRB08CA3","1:32 PM","105.0","-3.80","52.5","47.2","0.1","0.2","9/12/2018","","",
"FRBAHC01","1:38 PM","80.0","0.00","0.1","0.4","20.2","79.3","9/12/2018","","",
"FRBAHC03","1:48 PM","90.0","0.00","0.0","0.3","20.3","79.4","9/12/2018","","",
"FBSVE11A","1:51 PM","80.0","-18.80","0.0","0.1","20.5","79.4","9/12/2018","","",
"FBSVE11B","1:55 PM","80.0","-19.90","0.5","0.2","20.3","79.0","9/12/2018","","",
"FRBMTC1S","11:23 AM","70.0","-2.00","1.6","2.4","18.9","77.1","9/13/2018","","",
"FRB8CLC1","11:27 AM","80.0","-12.50","50.0","45.4","0.4","4.2","9/13/2018","","",
"FRB8CLC2","11:32 AM","80.0","-9.00","42.2","45.9","1.8","10.1","9/13/2018","","",
"FRB8CLC3","11:36 AM","80.0","-4.90","1.1","2.0","19.0","77.9","9/13/2018","","",
"FBSVE12A","11:40 AM","80.0","-1.00","0.0","0.2","20.4","79.4","9/13/2018","","",
"FBSVE12B","11:44 AM","80.0","-24.00","45.5","29.3","2.4","22.8","9/13/2018","","",
"FRB08BA1","11:58 AM","85.0","-3.40","50.5","48.7","0.0","0.8","9/13/2018","","",
"FRB08BA2","12:00 PM","80.0","-8.50","51.4","47.5","0.0","1.1","9/13/2018","","",
"FRB00MC6","12:31 PM","80.0","-29.60","45.4","41.0","0.0","13.6","9/13/2018","","",
"FRB00MC5","12:40 PM","90.0","-5.30","3.0","6.1","14.7","76.2","9/13/2018","","",
"FRB00MC3","12:44 PM","80.0","-18.00","0.1","0.6","20.2","79.1","9/13/2018","","",
"FRB00MC4","12:48 PM","85.0","-2.20","3.0","3.8","17.1","76.1","9/13/2018","","",
"FRB0VC72","12:54 PM","88.0","-24.50","7.1","9.5","13.1","70.3","9/13/2018","","",
"FRBVC112","12:58 PM","88.0","-0.20","0.0","0.2","20.6","79.2","9/13/2018","","",
"FRBVC111","1:01 PM","88.0","-0.30","2.7","2.2","19.1","76.0","9/13/2018","","",
"FRBVC110","1:04 PM","90.0","-0.40","10.1","7.8","16.1","66.0","9/13/2018","","",
"FRB0VC71","1:09 PM","82.0","-17.50","24.1","20.2","9.1","46.6","9/13/2018","","",
"FRBVC64R","1:21 PM","90.0","-3.10","36.0","27.7","6.7","29.6","9/13/2018","","",
"FRBVC56R","1:26 PM","99.0","-7.00","43.0","34.6","1.6","20.8","9/13/2018","","",
"FRB00B2W","1:31 PM","110.0","-24.30","57.9","40.3","0.0","1.8","9/13/2018","","",
"FRB00A2W","1:34 PM","110.0","-23.90","55.6","40.2","0.4","3.8","9/13/2018","","",
"FRBVC57R","1:41 PM","90.0","-5.90","49.7","38.3","0.1","11.9","9/13/2018","","",
"FRBVC58R","1:44 PM","90.0","-4.80","52.3","39.1","1.1","7.5","9/13/2018","","",
"FRBVC60R","1:52 PM","115.0","-11.70","25.9","19.9","10.1","44.1","9/13/2018","","",
"FRBVC116","1:58 PM","110.0","-0.60","24.3","19.0","9.5","47.2","9/13/2018","","",
"FRBVC117","2:01 PM","105.0","-0.20","8.6","6.4","16.4","68.6","9/13/2018","","",
"FRBVC118","2:05 PM","108.0","-0.70","13.3","8.5","15.9","62.3","9/13/2018","","",
"FRBVC113","2:12 PM","105.0","-0.40","1.9","3.5","17.5","77.1","9/13/2018","","",
"FRBVC114","2:15 PM","105.0","-1.00","13.4","11.2","13.5","61.9","9/13/2018","","",
"FRBVC115","2:18 PM","100.0","-0.70","30.4","21.8","8.8","39.0","9/13/2018","","",
"FRBSVE2A","2:26 PM","60.0","-0.30","0.0","0.1","20.8","79.1","9/13/2018","","",
"FRBSVE2B","2:32 PM","70.0","-0.60","7.2","6.4","15.8","70.6","9/13/2018","","",
"FRBSVE3A","2:38 PM","85.0","-0.40","0.0","0.2","20.7","79.1","9/13/2018","","",
"FRBSVE3B","2:44 PM","82.0","-0.80","14.5","11.5","10.5","63.5","9/13/2018","","",
"FRBSVE7B","2:50 PM","80.0","-0.30","5.4","6.7","14.2","73.7","9/13/2018","","",
"FRBSVE7A","2:57 PM","80.0","-10.80","0.0","0.0","20.8","79.2","9/13/2018","","",
"FRBSVE6B","3:04 PM","70.0","-7.50","0.0","0.0","20.8","79.2","9/13/2018","","",
"FRBSVE6A","3:09 PM","70.0","-0.40","0.0","0.3","19.4","80.3","9/13/2018","","",
"FRBSVE5A","3:13 PM","60.0","-1.60","0.0","0.2","20.8","79.0","9/13/2018","","",
"FRBSVE5B","3:16 PM","65.0","-9.80","0.0","0.0","21.0","79.0","9/13/2018","","",
"FBSVE10A","3:21 PM","80.0","-5.10","0.0","0.0","20.8","79.2","9/13/2018","","",
"FBSVE10B","3:24 PM","80.0","-15.50","0.0","0.0","21.0","79.0","9/13/2018","","",
"FRBSVE9B","3:28 PM","85.0","-7.80","0.0","0.0","21.0","79.0","9/13/2018","","",
"FRBSVE9A","3:30 PM","85.0","-4.70","0.0","0.0","21.0","79.0","9/13/2018","","",
"FRBSVE8A","3:34 PM","80.0","-5.50","0.0","0.0","21.0","79.0","9/13/2018","","",
"FRBSVE8B","3:36 PM","80.0","-11.00","0.0","0.0","20.9","79.1","9/13/2018","","",
"FRBSVE4A","11:35 AM","60.0","-0.10","0.1","0.1","20.4","79.4","9/14/2018","","",
"FRBSVE4B","11:38 AM","55.0","-3.70","0.0","0.0","20.9","79.1","9/14/2018","","",
"FBVC154D","11:56 AM","70.0","-22.30","54.0","40.1","0.3","5.6","9/14/2018","","",
"FBVC154S","12:00 PM","110.0","-5.70","29.7","36.0","0.1","34.2","9/14/2018","","",
"FRB08CB6","12:05 PM","115.0","-1.60","39.6","47.1","0.0","13.3","9/14/2018","","",
"FRBVC168","12:09 PM","80.0","-2.80","45.8","39.3","0.1","14.8","9/14/2018","","",
"FRBVC210","12:16 PM","80.0","-19.40","44.8","37.5","0.1","17.6","9/14/2018","","",
"FRBVC144","12:25 PM","80.0","-20.00","32.5","27.8","6.9","32.8","9/14/2018","","",
"FRBVC173","12:30 PM","110.0","-8.70","43.1","39.9","0.1","16.9","9/14/2018","","",
"FRBVC153","12:37 PM","80.0","-19.30","37.4","29.3","5.6","27.7","9/14/2018","","",
"FRBVC148","12:44 PM","119.0","-22.90","51.2","38.2","1.3","9.3","9/14/2018","","",
"FRBVC150","12:50 PM","120.0","-15.50","51.9","37.0","1.9","9.2","9/14/2018","","",
"FRB5BCE5","12:54 PM","120.0","-14.40","40.5","33.7","4.2","21.6","9/14/2018","","",
"FRBVC142","1:03 PM","80.0","-15.00","17.7","16.4","12.7","53.2","9/14/2018","","",
"FRBVC141","1:08 PM","112.0","-13.90","37.1","32.7","3.2","27.0","9/14/2018","","",
"FRBVC140","1:14 PM","90.0","-16.90","49.5","38.3","1.7","10.5","9/14/2018","","",
"FRB5DE5S","1:27 PM","75.0","-22.70","0.0","0.1","20.7","79.2","9/14/2018","","",
"FRB5DE6S","1:33 PM","95.0","-22.90","49.7","39.3","2.0","9.0","9/14/2018","","",
"FRB05DG4","1:38 PM","116.0","-3.00","42.0","40.6","0.4","17.0","9/14/2018","","",
"FRB08BB3","10:56 AM","64.0","-0.30","21.3","43.9","6.5","28.3","9/15/2018","","",
"FRB08BB4","11:04 AM","60.0","-0.10","5.7","6.5","18.8","69.0","9/15/2018","","",
"FRBVC215","12:55 PM","75.0","-3.80","19.5","23.5","1.9","55.1","9/15/2018","","",
"FRB8BC3S","1:07 PM","60.0","-3.30","56.5","39.4","0.3","3.8","9/15/2018","","",
"FRB07BD3","1:15 PM","70.0","-0.20","27.2","69.1","0.3","3.4","9/15/2018","","",
"FRB8BC2S","1:19 PM","70.0","-0.20","25.1","72.0","0.3","2.6","9/15/2018","","",
"FRB8BC1S","1:19 PM","70.0","-0.20","25.1","72.0","0.3","2.6","9/15/2018","","",
"F8CLCRS5","1:22 PM","70.0","-23.50","0.0","2.5","20.3","77.2","9/15/2018","","",
"FRB8BB1N","1:29 PM","80.0","-0.30","27.4","69.8","0.5","2.3","9/15/2018","","",
"F8BLCSR1","1:38 PM","70.0","-0.20","17.4","77.9","0.4","4.3","9/15/2018","","",
"FRB08BB2","1:43 PM","80.0","-0.10","32.5","64.9","0.2","2.4","9/15/2018","","",
"FRB5BCF1","1:53 PM","110.0","-11.10","50.5","42.1","0.3","7.1","9/15/2018","","",
"FRB5BCF2","1:56 PM","120.0","-12.80","48.5","41.5","0.6","9.4","9/15/2018","","",
"FRBVC158","2:00 PM","80.0","-6.20","42.4","35.4","0.3","21.9","9/15/2018","","",
"FRB5BCF3","2:06 PM","118.0","-16.70","52.6","42.3","0.4","4.7","9/15/2018","","",
"FRB5BCF4","2:10 PM","120.0","-15.70","52.8","42.0","0.4","4.8","9/15/2018","","",
"FRBVC147","2:17 PM","118.0","-22.40","43.1","34.5","1.9","20.5","9/15/2018","","",
"FRB5BCF5","2:22 PM","85.0","-22.70","54.3","38.7","0.8","6.2","9/15/2018","","",
"FRBVC157","2:27 PM","85.0","-10.00","37.0","32.9","0.3","29.8","9/15/2018","","",
"FRBVC146","2:34 PM","120.0","-15.50","55.5","39.1","0.5","4.9","9/15/2018","","",
"FRBVC145","2:39 PM","120.0","-10.90","47.6","37.9","0.5","14.0","9/15/2018","","",
"FRBVC176","10:54 AM","110.0","-4.90","41.9","40.9","0.7","16.5","9/16/2018","","",
"FRBVC104","11:03 AM","70.0","-15.30","49.8","43.1","2.0","5.1","9/16/2018","","",
"FRBVC103","11:06 AM","100.0","-15.20","50.4","41.3","2.1","6.2","9/16/2018","","",
"FRBVC156","11:21 AM","70.0","-1.50","50.8","42.1","0.5","6.6","9/16/2018","","",
"FRBVC172","11:26 AM","115.0","-11.00","44.6","39.3","0.6","15.5","9/16/2018","","",
"FRBVC171","11:30 AM","110.0","-19.40","51.7","42.4","0.8","5.1","9/16/2018","","",
"FRBVC170","11:33 AM","105.0","-20.60","55.3","43.2","0.7","0.8","9/16/2018","","",
"FBVC105R","11:39 AM","120.0","-13.00","52.2","47.0","0.6","0.2","9/16/2018","","",
"FRBVC175","11:43 AM","108.0","-2.70","46.4","42.5","0.8","10.3","9/16/2018","","",
"FRBVC174","11:49 AM","110.0","-8.00","29.2","30.8","5.0","35.0","9/16/2018","","",
"FRBVC202","11:54 AM","80.0","-11.40","53.4","45.7","0.4","0.5","9/16/2018","","",
"FRBVC203","11:58 AM","90.0","-12.30","53.1","46.3","0.4","0.2","9/16/2018","","",
"FRBVC137","12:03 PM","125.0","-10.70","52.4","46.9","0.5","0.2","9/16/2018","","",
"FRB5DE3S","12:14 PM","90.0","-22.10","53.7","45.7","0.4","0.2","9/16/2018","","",
"FBVC109R","12:21 PM","70.0","-22.20","42.4","36.9","4.5","16.2","9/16/2018","","",
"FRB05DF2","12:25 PM","85.0","-22.30","52.9","46.3","0.7","0.1","9/16/2018","","",
"FRBVC108","12:30 PM","75.0","-22.60","38.9","35.0","6.0","20.1","9/16/2018","","",
"FRB05DF1","12:36 PM","80.0","-22.90","40.0","34.1","5.3","20.6","9/16/2018","","",
"FRBVC107","12:39 PM","100.0","-23.10","51.8","47.8","0.2","0.2","9/16/2018","","",
"FBVC106R","12:44 PM","100.0","-18.80","52.8","46.3","0.8","0.1","9/16/2018","","",
"FRBVC178","12:50 PM","100.0","-7.50","47.6","47.0","0.4","5.0","9/16/2018","","",
"FRBVC131","1:00 PM","80.0","-2.40","0.0","0.1","20.6","79.3","9/16/2018","","",
"FRBVC177","1:05 PM","120.0","-7.00","51.3","43.3","0.8","4.6","9/16/2018","","",
"FRB05DG5","1:11 PM","90.0","-7.90","40.1","40.9","0.8","18.2","9/16/2018","","",
"FRB05DG6","1:17 PM","110.0","-6.60","41.2","40.2","0.8","17.8","9/16/2018","","",
"FRB05DG3","1:21 PM","115.0","-3.70","38.1","41.6","0.3","20.0","9/16/2018","","",
"FRB05DG2","1:26 PM","90.0","-7.20","40.1","40.2","0.8","18.9","9/16/2018","","",
"FRB05DF4","1:33 PM","90.0","-22.50","54.1","44.7","0.7","0.5","9/16/2018","","",
"FRBVC136","1:37 PM","125.0","-13.10","52.4","45.1","0.9","1.6","9/16/2018","","",
"FRBVC135","1:45 PM","125.0","-0.30","54.8","43.3","0.6","1.3","9/16/2018","","",
"FRB05DG4","5:04 PM","125.0","-2.00","55.3","41.3","0.6","2.8","9/16/2018","","",
"FRB05DG1","5:12 PM","120.0","-6.30","35.9","34.8","0.6","28.7","9/16/2018","","",
"FRB00D2W","5:51 PM","110.0","-4.30","55.8","39.1","0.7","4.4","9/16/2018","","",
"FRB00C2W","5:56 PM","108.0","-20.00","54.0","38.5","0.8","6.7","9/16/2018","","",
"FRBMTC1N","8:04 AM","80.0","-8.20","48.1","37.7","2.3","11.9","9/28/2018","","",
"FRBVC191","8:12 AM","80.0","-1.10","42.5","55.3","0.3","1.9","9/28/2018","","",
"FRBVC190","8:15 AM","85.0","-2.30","48.2","47.1","0.6","4.1","9/28/2018","","",
"FRBVC212","8:20 AM","80.0","-20.60","56.5","40.1","0.7","2.7","9/28/2018","","",
"FRBVC211","8:25 AM","80.0","-15.30","57.1","40.2","0.6","2.1","9/28/2018","","",
"FRBVC55R","8:48 AM","95.0","-14.20","45.5","36.7","0.9","16.9","9/28/2018","","",
